name,type,review
아웃백스테이크하우스 제주아일랜드점,패밀리레스토랑,"음식, 친절한 서비스, 주차 편리함"
베이힐풀앤빌라,호텔," 편안한 분위기와 맛있는 조식으로 만족스러운 경험을 제공하는 나니아레스토랑. 주변 맛집과 카페도 많아 이동이 편리하며, 친절한 서비스와 좋은 뷰가 인상적이다."
버거킹 제주화북DT점,햄버거," 버거킹 화북점은 맛있는 버거와 빠른 서비스로 만족스러운 식사를 제공합니다. 매장이 깨끗하고 넓어 쾌적하게 식사할 수 있으며, 가성비 좋은 세일 상품도 있어 재방문 의사가 높습니다."
고래라면 제주신화월드점,라면," 문어라면은 해물 구성은 괜찮지만, 전반적으로 맛이 평범하고 가격 대비 실망스러운 평가가 많음. 서비스와 분위기는 나쁘지 않지만, 음식의 퀄리티와 신선도에 대한 의구심이 제기됨."
윤경양식당 신화월드점,양식," 신화월드 내에 위치한 식당으로, 돈까스는 맛있지만 가격 대비 양과 구성은 아쉬운 편이다. 전반적으로 무난한 맛과 편리한 위치로 혼밥하기 좋지만, 품질이 떨어지는 메뉴도 있어 가성비는 좋지 않다."
더플레이스 제주신화월드점,이탈리아음식," 맛있는 까르보나라와 화덕피자가 인기인 식당으로, 가족 단위 방문객에게 적합한 메뉴와 분위기를 제공합니다. 친절한 서비스와 다양한 세트 메뉴가 있어 가성비도 좋고, 제주 여행 중 편안하게 식사하기 좋은 곳입니다."
화니 제주신화월드점,한식," 화니식당은 신화월드 내에 위치한 푸드코트로, 다양한 한식 메뉴를 제공하며 아이들과 함께 가기 좋은 곳이다. 가격은 다소 비쌀 수 있지만, 양이 많고 맛이 괜찮아 가족 단위 방문객들에게 추천할 만하다."
아워홈 제주지방합동청사점,한식," 가성비가 뛰어난 구내식당으로, 저렴하면서도 맛있는 점심을 제공해 이용하기 편리하다. 다만, 일부 리뷰에서는 맛에 대한 불만도 존재한다."
제주한라병원 아워홈,급식, 편리하고 저렴한 가격에 맛있는 음식을 제공하는 매장이다. 넓은 공간과 잘 갖춰진 시스템 덕분에 이용하기 편하다.
엉또정 서귀포본점,한식," 육개장과 성게미역국이 맛있고, 가격 대비 양이 푸짐하여 가성비가 뛰어난 식당. 가족 단위 방문에 적합하며, 친절한 서비스와 깔끔한 환경이 인상적이다."
부민장례식장,장례식장, 친절한 서비스 덕분에 장례를 잘 치를 수 있었던 경험이었습니다. 모든 직원들이 따뜻하게 대해주어 큰 도움이 되었습니다.
모던돔베 제주공항본점,국수," 모던돔베는 제주 공항 근처에 위치한 고기국수 전문점으로, 깔끔한 인테리어와 친절한 서비스로 가족 단위 방문객들에게 인기가 많습니다. 불향 나는 고기국수와 비빔국수, 그리고 돔베고기가 특히 맛있어 재방문 의사가 높은 맛집입니다."
별돈별 중문 본점,돼지고기구이," 제주도 중문에 위치한 별돈별은 672시간 숙성된 흑돼지를 전문으로 하며, 고기의 질과 맛이 뛰어나고 직원들이 직접 구워주는 서비스로 편안한 식사를 제공합니다. 넓고 쾌적한 매장과 아름다운 귤밭 뷰 덕분에 가족, 친구, 연인과 함께 방문하기 좋은 분위기를 자랑하는 맛집입니다."
버거킹 제주노형점,햄버거," 버거킹은 다양한 메뉴와 빠른 서비스로 가족 단위 방문객들에게 인기가 많으며, 특히 와퍼와 코코넛 쉬림프가 맛있다는 극찬을 받고 있다. 다만, 주차 공간이 부족하고 일부 직원의 서비스가 아쉬운 점이 있다는 리뷰도 있다."
