음식점_이름,매출_비율,키워드
산굼부리샵카페,상위_10,"커피, 친절, 산책"
삼다도횟집 본점,상위_10,"게장, 가성비, 친절, 바다뷰, 신선한 회"
서민당,상위_10,"멜조림, 돼지한마리, 놀이방, 고기, 친절, 서비스, 제주산, 반찬, 가성비, 맛집"
온담국수 제주국제공항점,상위_10,"고기국수, 공항, 가성비"
함덕중국집,상위_10,"탕수육, 쟁반짜장, 우렁이짬뽕"
오설록농장 본사,상위_10,"녹차, 아이스크림, 오프레도"
클럽이에스 제주리조트,상위_25_50,"자연, 수영장, 힐링, 리조트, 가족, 편의시설"
제주서서갈비,상위_75_90,"돼지고기, 양념갈비, 가성비"
짱죽 제주점,상위_50_75,"친절, 간편, 이유식, 저렴, 다양, 아기, 제주도, 여행, 주차"
참숯구이몬트락,상위_10,"고기, 주차, 친절, 반찬, 제주도"
커피빈 제주아라점,상위_10_25,"주차, 매장 넓음, 음료 다양성, 직원 서비스, 디저트 맛, 분위기 좋음"
파리바게뜨 제주국제공항점,상위_10,"제주마음샌드, 키오스크, 선물용"
파리바게뜨 제주공항탑승점,상위_10,"마음샌드, 제주공항, 파리바게트"
풀베개,상위_10_25,"카페, 분위기, 커피 맛"
피자알볼로 제주점,하위_10,"피자, 맛, 배달"
허그인 제주,상위_50_75,"바다뷰, 소금빵, 힐링"
롯데호텔 제주 델리카한스,상위_25_50,"비싸다, 맛있다, 서비스 개선"
064인생곱창,상위_10_25,"곱창, 친절, 신선함"
100번지숯불구이,하위_10,"소갈비살, 꼼장어, 막창"
114화교반점,상위_50_75,"탕수육, 비빔짬뽕, 친절한 사장님, 짜장면, 고기짬뽕"
17번가 소주호프,하위_10,"노가리, 친절, 맛집, 단체예약, 안주"
1950김프로,상위_50_75,"고기, 친절, 가성비"
1950에어차이나,상위_10,"고추잡채밥, 짜장면, 위생"
1992감성포차,하위_10,"주차, 가성비, 친절, 메뉴, 안주"
2010제주상춘재,상위_25_50,"참전복해물돌솥비빔밥, 고등어구이, 친절한 서비스, 비빔밥, 주차 공간"
2046호,상위_75_90,"안주, 분위기, 음악, 와인, 친절, 재즈"
20년전통부대찌개,상위_50_75,"부대찌개, 열무김치, 친절한 서비스"
20세기 소년,상위_50_75,"LP펍, 음악감상, 칵테일"
24시국수회관,상위_25_50,"고기국수, 가성비, 해장국"
24시누름돌김치찌개,상위_10,"가성비, 김치찌개, 혼밥"
24시누름돌생고기김치찌개,상위_10_25,"가성비, 김치찌개, 친절"
24시뼈다귀탕,상위_25_50,"감자탕, 맛집, 24시간 운영"
24시뼈다귀탕 신서귀포점,상위_10,"감자탕, 수제비, 볶음밥, 친절, 가족단위 식사, 제주산 뼈, 해장국, 식이섬유, 단체모임, 놀이방"
24시뼈다귀탕 노형점,상위_10_25,"뼈해장국, 감자탕, 친절한 서비스"
24시뼈다귀탕동홍점,상위_10,"감자탕, 뼈감탕, 신선한 채소, 푸짐한 양, 가족 모임"
24시 뼈다귀탕 삼화점,상위_75_90,"맛있어요, 친절, 감자탕, 가족외식, 국물, 솥밥, 주차편리"
24시뼈다귀탕 중문점,상위_25_50,"뼈다귀탕, 해장국, 콩나물"
24시얼큰시원생고기김치찌개노형점,상위_50_75,"가게 가성비, 김치찌개, 친절, 24시간, 혼밥"
24시얼큰시원생고기김치찌개아라점,상위_10_25,"가게 리뷰 가성비, 혼밥, 친절, 김치찌개, 제육볶음, 생고기, 푸짐한 양"
24시얼큰시원생고기김치찌개아라점,상위_10_25,"가게 리뷰 가성비, 혼밥, 친절, 푸짐한 양, 김치찌개, 제육볶음, 단골집"
24시전주명가콩나물국밥 일도점,상위_10_25,"가성비, 콩나물국밥, 친절한 서비스, 다양한 메뉴, 맛있음"
이도비어,상위_25_50,"국수튀김, 맥주, 먹태, 분위기, 친절, 마약콘튀김"
2실로와,상위_50_75,"양고기, 친절, 맛있음"
30년할매닭발 외도점,상위_50_75,"닭발, 친절, 맛집"
30년할매닭발 노형점,상위_50_75,"닭발, 친절, 위생"
30년할매닭발 모슬포점,하위_10,"닭발, 매운맛, 식기 관리"
33떡볶이 제주점,상위_50_75,"김밥, 우동, 깔끔한 매장"
88포장마차 제주연동점,상위_25_50,"안주, 분위기, 친절, 20대, 회식"
8번게이트,상위_75_90,"동문시장, 오징어버터구이, 가문어구이, 포장음식, 친절한서비스, 분위기좋음, 가격대비, 안주추천"
BBQ치킨 제주이도초교점,상위_75_90,"BBQ, 친절, 치킨"
BHC치킨 제주신화월드점,상위_50_75,"치킨, 친절, 가격, 담백, 포장"
베이비카페 어놀,하위_10,"청결, 장난감, 아기, 가격, 음식"
EQ치킨,하위_10,"치킨, 양념, 바삭함"
그루브인,상위_25_50,"브런치, 오션뷰, 인테리어, 맛집, 야외자리, 디저트, 청결, 제주느낌, 음료, 커피"
KFC 서귀포중문DT점,상위_10_25,"치킨, 패스트푸드, 주차 편리함, 직원 친절, 매장 청결"
나이브,상위_25_50,"뇨끼, 사시미, 이자카야"
TONKATSU 서황,상위_25_50,"생선카츠, 샐러드우동, 바삭한 튀김"
유카페,하위_10,"고전 엔틱, 수제 생강청, 친절한 직원, 조용한 분위기, 제주 여행"
와썹비치하우스,상위_50_75,"분위기, 친절, 음식, 칵테일, 피자, 웰컴드링크, 서비스, 제주도"
가건물,상위_50_75,"친절, 맛집, 대도리탕"
가는곶 세화,상위_25_50,"빵, 커피, 친절한 사장님"
가다오다,상위_25_50,"신선한 회, 친절한 서비스, 가성비 좋은 음식"
가닥,상위_25_50,"딱새우, 돈백탕, 굴튀김, 매운맛, 국물, 식감, 가성비, 친절한 서비스"
가담국수,상위_10_25,"고기국수, 김치, 수육"
가담국수 하귀점,상위_75_90,"고기국수, 순대국밥, 신선한 식재료"
가든이다 흑돼지,상위_10_25,"친절한 직원, 놀이방, 고기맛"
가람돌솥밥 중문관광단지,상위_10,"전복돌솥밥, 해물뚝배기, 김치전, 제주맛집, 신선한재료, 가성비, 반찬리필, 친절한서비스"
가로수길마루 애월 본점,상위_25_50,"딱새우, 문어흑돼지차슈삼합, 사장님 친절"
가르텐비어 제주노형점,상위_50_75,"친절, 맛집, 불친절"
가리본가 광양점,상위_10_25,"회냉면, 갈비탕, 혼밥, 몸보신, 국물 맛집"
가리본가 노형점,상위_75_90,"갈비찜, 갈비탕, 친절한 서비스"
가리본가 본점,상위_10_25,"갈비탕, 제주도, 주차장"
가마리식당,하위_10,"고기, 볶음밥, 친절"
가마솥애,하위_10,"몸국, 고등어 구이, 수육"
가마솥오리앤국밥,상위_75_90,"국밥, 청결, 친절"
가미돈,하위_10,"후라이드 치킨, 골뱅이 무침, 두루치기, 가성비, 친절 서비스"
가미정,상위_25_50,"맛, 좋아요, 굿, 잘먹었어요"
가보세엠케이카페,상위_75_90,"가성비, 카페"
가보정원,상위_75_90,"가성비, 맛집, 무한리필, 양, 친절"
카페가비,상위_50_75,"카페, 팥빙수, 서비스, 분위기, 테이크아웃"
가스름식당,상위_50_75,"두루치기, 제주 토속 순대, 가성비"
은하수가든,하위_10,"순두부찌개, 청결, 맛, 주차, 친절"
가시버시 정육구이,상위_50_75,"오겹살, 사장님 친절, 제주 맛집"
가시식당,상위_25_50,"두루치기, 몸국, 제주도 맛집"
가파도해물짜장짬뽕,상위_25_50,"짬뽕, 해물, 친절"
가회식당,상위_75_90,"돼지국밥, 순대국밥, 반찬, 친절, 맛집"
각지불,상위_10_25,"아구탕, 들깨, 친절한 서비스"
간또,상위_25_50,"친절, 스지오뎅, 분위기, 서비스, 추천"
간또 일도점,상위_25_50,"오뎅탕, 친절한 직원, 가성비"
간세다리족욕카페,하위_10,"족욕, 아로마 마사지, 친절한 서비스"
간장을품은소라게,상위_75_90,"해물찜, 해물모듬장, 오션뷰, 친절한사장님, 계란밥"
갈비가맛있다,상위_10_25,"고기, 직원 친절, 가격 비쌈"
갈비가맛있다,상위_75_90,"고기, 직원 친절, 가격 비쌈"
갈비마당,하위_10,"양념갈비, 친절, 밑반찬, 된장찌개, 청결"
갈비에제왕,상위_50_75,"소갈비살, 착한가격, 친절한사장님"
갈치공장,상위_10_25,"갈치조림, 전복돌솥밥, 친절한 서비스, 가성비, 신선한 재료, 밑반찬, 제주도, 해물뚝배기, 가자미튀김, 맛있음"
갈치관 애월해안도로점,상위_10,"갈치, 전복솥밥, 친절한 서비스"
제주갈치도 협재 본점,상위_10_25,"갈치조림, 바다뷰, 돌솥밥"
갈치옥 함덕,상위_10,"갈치, 친절, 바다뷰, 가족, 맛있음, 조림, 구이, 여행"
갈치왕 성산점,상위_10_25,"갈치조림, 고등어구이, 친절한 서비스"
애월 갈치포구,상위_25_50,"갈치조림, 전복구이, 신선한 재료"
감나무집,상위_10_25,"양념갈비, 친절, 고기질, 점심메뉴, 가성비, 냉면, 반찬 리필"
감낭집,하위_10,"막걸리, 장터국밥, 감자전"
감미숯불닭갈비,상위_10_25,"놀이방, 가족단위, 음료 무한리필"
감성돈 제주협재본점,상위_25_50,"고기, 친절, 가성비, 김치찌개, 육즙, 협재맛집"
바다의집,상위_50_75,"성게비빔밥, 꽃전복비빔밥, 고등어구이"
감성쭈꾸미 제주점,상위_50_75,"쭈꾸미, 친절, 매콤한맛, 신선한재료, 볶음밥, 청결, 양많음"
감수촌,상위_50_75,"김치찌개, 동태찌개, 친절한 서비스"
감초식당,상위_25_50,"순대국, 제주도 맛집, 중독성 있는 맛"
감탄 장어,상위_75_90,"장어, 청결, 친절, 밑반찬, 가족여행"
갓돈 서귀포중문점,상위_75_90,"고기, 친절, 반찬, 제주도, 맛있다"
갓포아키 신제주점,상위_10_25,"갓포아키, 제주, 친절한 서비스, 고급스러운 음식, 신선한 재료, 가성비, 사시미, 분위기"
갓포효,상위_25_50,"사시미, 고급스러운, 친절한, 분위기, 맛있다"
강남참숯구이,상위_50_75,"고기, 친절, 반찬, 가성비, 맛집"
강명선샤브샤브,상위_10_25,"신선한 재료, 가성비, 육수 맛"
강선장 당일바리,상위_50_75,"벵에돔, 신선한 회, 친절한 서비스"
강셰프의 키친,상위_50_75,"전복비빔밥, 탕수육, 몸짬뽕, 무떡튀김, 제주도 맛집"
강식당,상위_50_75,"고기국수, 친절, 깔끔"
강연우동태찌개 제주외도점,상위_25_50,"동태찌개, 솥밥, 친절한 사장님"
강정포구횟집,상위_50_75,"신선한 회, 바다 뷰, 푸짐한 양"
강해일,상위_25_50,"맛, 친절, 신선도, 가성비, 추천"
개성회관,상위_25_50,"그냥, 저냥, 먹을만"
개정 제주노형점,상위_25_50,"비빔밥, 떡갈비, 냉면, 고급스러운 인테리어, 신선한 재료, 편안한 분위기, 친절한 서비스"
갯동산평대바당국수,상위_75_90,"고기국수, 돗죽, 바다 전망"
갯마을횟집,하위_10,"동네맛집, 한치회, 친절한 서비스, 건강한 밥상, 합리적인 가격"
거로집,하위_10,"회, 조림, 신선한 재료, 맛집, 친절"
거마가든,상위_75_90,"삼계탕, 김치찌개, 친절한 사장님, 제주도 맛집, 오리주물럭"
거멍국수 제주산방산점,상위_10_25,"고기국수, 성게국수, 돔베고기"
거문덕이식당,상위_75_90,"치킨, 친절, 맛집, 청국장, 양, 소스, 반찬, 바삭바삭, 푸짐, 불친절"
거부갈비,상위_10,"친절한 직원, 돔베갈비, 고급스러운 분위기"
거제아구찜,상위_75_90,"친절, 해산물 신선, 아구찜"
건호네식당,상위_25_50,"된장아삭이고추무침, 해물탕, 해물전골, 직원 친절, 관광객, 싱싱한 해산물, 가격, 의사소통, 냄새, 대응 부족"
전이수갤러리 걸어가는늑대들,상위_25_50,"전이수, 힐링, 전시회, 감상, 따뜻한 위로"
검은노루,상위_50_75,"고기국수, 도삭면, 인테리어, 수육, 국물, 친절, 비빔국수, 양, 제주도, 맛집"
검은쇠몰고오는 제주공항본점,상위_10,"흑우, 제주도, 맛집"
검은여닭도가니,상위_75_90,"김치찌개, 해물파전, 뷰맛집"
게우지코지 카페,상위_25_50,"뷰, 맛집, 커피, 음료, 아늑함, 친절, 바다, 베이커리, 돌고래, 감성"
경미네집,상위_75_90,"성게밥, 해물라면, 전복죽"
경미해장국,상위_50_75,"깨끗한 매장, 친절한 사장님, 맛있는 해장국"
경복정,상위_75_90,"맛있어요, 전복 돌솥밥, 친절"
경성살롱 서귀포점,상위_75_90,"카페, 분위기, 디저트, 경성살롱, 제주, 시간여행, 친절, 레트로, 사진, 고가구"
경성숯불양꼬치,상위_75_90,"양꼬치, 가성비, 친절, 포장, 중국음식"
경애관,상위_25_50,"방어회, 스키다시, 친절한 서비스"
경양식탁,하위_10,"돈까스, 떡볶이, 친절한 서비스"
경양카츠 제주점,하위_10,"돈까스, 부드러움, 친절함"
경인식당,상위_50_75,"고등어회, 친절한 직원, 숨은 맛집"
경일식당,상위_10_25,"낙지볶음, 반찬, 가성비"
경춘선 숯불닭갈비,하위_10,"닭갈비, 친절한 직원, 소금구이"
곁애,상위_25_50,"이자카야, 야키토리, 애견동반"
계절식탁시청점,상위_75_90,"회, 꽃게탕, 친절, 재방문, 신선한 재료, 가성비, 안주, 분위기, 돈까스, 사시미"
고가치,상위_75_90,"고기, 분위기, 친절, 제주도, 추천"
고객식당,상위_10_25,"갈치조림, 고등어구이, 성게미역국"
고고다찌 바다장어,하위_10,"도다리, 장어구이, 반찬, 친절, 제철"
고군족발,상위_50_75,"족발, 보쌈, 막국수, 가성비, 친절, 분위기, 육질, 포장, 다이어트, 맛집"
고기장,상위_10,"고기, 분위기, 서비스, 특제소스, 친절, 재방문"
고니식당,상위_25_50,"동태탕, 내장탕, 가성비, 계란후라이, 반찬"
고도500,하위_10,"카페, 커피, 고즈넉함, 크로플, 카이막, 디저트, 분위기, 친절, 힐링, 맛집"
고돔,상위_25_50,"고등어회, 신선한 해산물, 친절한 사장님"
고랑몰라,상위_75_90,"양념, 고기, 친절, 맛집, 재방문, 푸짐한, 서비스, 제주도민"
고래냉삼,상위_25_50,"고기, 친절, 셀프바"
고래맥주,상위_50_75,"고래맥주, 친절한 사장님, 가성비 좋은 안주"
고래콩물,상위_50_75,"가성비, 순두부, 고래콩물"
고래콩물 이도점,상위_50_75,"두부, 콩국수, 순두부"
고마로갈비탕,상위_75_90,"왕갈비탕, 나주곰탕, 사장님 친절"
고모네돔베,상위_50_75,"돔베고기, 고기국수, 친절한 서비스"
고미횟집,상위_25_50,"신선한 회, 스끼다시, 불친절한 서비스"
고바진,상위_75_90,"고바진, 열무국수, 흑돼지"
고보배국밥,상위_25_50,"곱창전골, 야채, 서비스"
고봉민김밥인 제주강정점,상위_75_90,"돈가스, 김밥, 친절함"
고사리식당,상위_25_50,"고등어구이, 갈치조림, 반찬 푸짐"
고서방해물탕,상위_25_50,"해물탕, 전복, 친절한 서비스"
고성장터국밥,상위_75_90,"국밥, 가성비, 맛집, 제주, 성산, 몸국, 푸짐한, 친절, 아침식사, 정겨운"
고수목마축산유통,상위_10_25,"말고기, 코스요리, 가성비"
고씨네막창,상위_25_50,"막창, 곱창, 친절"
고씨네천지국수 올레시장본점,상위_10_25,"멸고국수, 멸치육수, 수육"
고씨회관,상위_50_75,"탕수육, 우동, 가성비"
고요남 제주,상위_75_90,"찐 맛집, 가성비, 친절한 서비스, 육회, 냉소바, 떡갈비, 곱창전골, 기본찬, 맛있음, 단골집"
고은물식당 제주화순점,상위_75_90,"신선한 재료, 가정식 백반, 친절한 서비스"
고을면,하위_10,"꿩 요리, 친절한 사장님, 제주도 맛집"
고이정 애월흑돼지 보리짚불구이,상위_50_75,"고기, 김치찌개, 반찬, 제주도, 친절, 맛집, 육즙, 예약, 인테리어, 가족"
고전떡볶이 한라대점,하위_10,"떡볶이, 튀김, 순대"
고전떡볶이,하위_10,"전골떡볶이, 튀김, 볶음밥"
고죽면칼국수 제주외도점,상위_50_75,"칼국수, 감자채전, 사장님 친절, 양 많음, 반찬 알차, 매장 청결, 수제비, 국물 맛, 주차 편리, 집밥 느낌"
고집돌우럭 제주공항점,상위_10,"우럭, 조림, 맛집, 간, 쌈채소, 제주도, 반찬, 양념, 서비스, 가족식사"
고집돌우럭 중문점,상위_10,"우럭조림, 건강식, 가족식사"
고찌올레,상위_50_75,"보말죽, 보말칼국수, 해물라면, 반찬, 제주도 맛집"
고창댁풍천장어&갈비,상위_25_50,"장어, 갈비, 아이동반"
고촌,상위_75_90,"갈매기살, 고기부드럽고, 친절, 술싸다, 양념"
고평갯드르가든,상위_75_90,"미리 만들어 놓은 요리, 반찬, 배 아픔"
고할망네,상위_25_50,"우럭조림, 쥐치조림, 친절한 서비스, 제주 현지인 맛집, 감칠맛"
고향모밀촌,상위_50_75,"메밀소바, 만두, 국물맛"
고향숯불막창 삼화점,상위_25_50,"막창, 친절, 반찬"
곤밥2,상위_10_25,"굿, 좋아요, 만족"
곤밥보리밥,상위_75_90,"정갈한, 보리밥정식, 수육"
골막식당,상위_10,"고기국수, 현지인맛집, 두툼한 면발"
골목카페옥수,상위_75_90,"골목카페옥수, 제주스러운 분위기, 귀여운 강아지 모모"
곰돌식당,상위_75_90,"반찬, 가성비, 집밥"
곰막다방,상위_10,"곰막식당, 커피, 가성비"
곰보숯불갈비,상위_25_50,"양념갈비, 냉면, 가성비, 제주맛집, 친절한서비스"
곰집해장국,상위_50_75,"콩국수, 곰탕, 해장국"
곰탕제작소,하위_10,"치즈돈까스, 맛있어요, 가성비"
곱단이네식당,상위_50_75,"맛집, 두루치기, 반찬, 가성비, 제주도"
곱들락탁희,상위_10,"고기, 친절, 청결, 흑돼지, 된장찌개, 쫄면, 제주맛집, 양념갈비, 서비스, 분위기"
곱들락흑돼지 제주공항점,상위_25_50,"고기, 흑돼지, 바다뷰, 친절, 소스"
공가네 구이촌,상위_75_90,"사장님, 고기, 된장찌개"
공간뉴제주펍,상위_75_90,"데낄라, 분위기, 술집"
공간키친 제주시청,상위_50_75,"소고기 스키야끼, 부추전, 분위기 좋은 술집"
공단해장국,상위_10_25,"내장탕, 해장국, 진국, 잡내, 건더기, 친절, 제주도, 맛집"
공단해장국 아라점,상위_25_50,"해장국, 내장탕, 도민맛집"
공룡마라탕 외도5호점,상위_50_75,"마라탕, 꿔바로우, 친절함, 신선한 재료, 매운맛"
공룡마라탕&꼬치 중문8호점,상위_50_75,"양꼬치, 무한리필, 가성비, 마라탕, 꿔바로우, 신선한 고기, 친절한 서비스"
공명식당,상위_75_90,"가게 리뷰 가성비, 한식뷔페, 맛집, 음식, 혼밥, 반찬, 사장님, 퀄리티"
공새미59,하위_10,"예쁜 가게, 신선한 재료, 맛있는 한식"
공작흑돼지 함덕본점,상위_50_75,"숙성육, 식용꽃, 고기 질, 가성비, 친절한 서비스"
공천포식당,상위_10_25,"물회, 전복, 친절"
공푸마라탕,상위_50_75,"친절, 마라탕, 가격"
공항1등 이자카야 도,상위_50_75,"한치, 사시미, 친절"
곶자왈밥상,하위_10,"맛집, 한식뷔페, 가성비"
곶자왈화덕피자,상위_75_90,"피자, 화덕, 가성비"
과수원집,상위_50_75,"오리고기, 가성비, 친절한 서비스"
곽돈,상위_50_75,"곽돈, 흑돼지, 친절한 서비스"
곽지가,상위_75_90,"흑돼지, 친절, 반찬"
곽지곤지암해장국,상위_75_90,"소머리해장국, 가성비, 해장국"
곽지식당,하위_10,"곽지해수욕장, 흑돼지, 후라이드치킨, 바다뷰, 친절한 서비스, 해물뚝배기, 막걸리, 김치전골, 양념, 청결"
곽지해녀의집,상위_75_90,"해산물, 바다뷰, 친절한 서비스"
관덕정들깨칼국수,상위_75_90,"콩국수, 생선까스, 들깨칼국수"
관심사,하위_10,"카페, 케이크, 고양이"
관촌밀면,상위_50_75,"밀면, 수육, 시원, 고명, 맛집"
구 광동식당 돈볶,하위_10,"친절한 사장님, 두루치기, 현지인 맛집"
광령힐식당,상위_50_75,"우거지탕, 친절한 사장님, 현지인 맛집"
광안국밥 구제주점,상위_75_90,"순대국밥, 혼밥, 다대기, 국물, 포장"
광장 가든,상위_75_90,"위생불량, 가격저렴, 가성비좋음"
광평도새기촌 본점,상위_25_50,"흑돼지, 친절, 간장게장"
괸당집 노형점,상위_25_50,"맛, 친절, 볶음밥"
괸당집 서귀포신시가지점,상위_25_50,"냉삼, 껍데기, 친절한 서비스, 인테리어, 반찬, 고기 맛"
괸당집 중문점,상위_25_50,"냉삼, 볶음밥, 친절, 신선한 재료, 기본찬"
괸당집 표선점,상위_75_90,"냉동삼겹살, 볶음밥, 친절한 직원"
괸당집 함덕점,상위_50_75,"맛집, 친절, 냉삼, 웨이팅, 고기, 볶음밥, 가성비, 제주, 미나리, 떡볶이"
괸당포차,상위_50_75,"안주, 분위기, 강아지, 맛집, 추천, 서귀포, 칠리탕수육, 한라산 짬뽕탕"
교동짬뽕 제주본점,상위_50_75,"깔끔함, 매운맛, 가성비"
교래향 교래본점,상위_25_50,"갈치조림, 흑돼지, 친절한 서비스"
606가든식당,상위_10_25,"돈까스, 제주몸국, 재방문의사"
교래흑돼지 표선점,상위_25_50,"고기, 친절, 육즙, 맛집, 제주"
교촌치킨 대정점,상위_50_75,"허니콤보, 친절, 맛있어요"
교촌치킨 삼양화북점,하위_10,"허니순살, 단짠단짠, 교촌치킨, 포장, 맛있어요"
교촌치킨 서귀포명동점,상위_50_75,"치킨, 허니콤보, 포장, 맛, 청결, 분위기, 친절, 매운, 식감, 주차"
교촌치킨 서귀포혁신도시점,상위_50_75,"치킨, 레드콤보, 맛있음, 홀영업, 중독성"
교촌치킨 성산일출봉점,상위_75_90,"허니콤보, 싱겁다, 매장 분위기"
교촌치킨 아라점,상위_25_50,"맛있음, 청결, 포장"
교촌치킨 외도하귀점,상위_75_90,"기프티콘, 양념, 배달"
교촌치킨 애월해안도로점,상위_50_75,"허니콤보, 친절한 사장님, 제주도 여행"
교촌치킨 용담삼도점,상위_75_90,"직원 친절, 매장 깔끔, 맛있어요, 비싸요, 허니순살"
교촌치킨 한림협재점,상위_75_90,"교촌, 치킨, 친절, 아늑함, 맛있음"
교촌치킨도두해안도로점,상위_75_90,"교촌, 맛있어요, 친절함, 포장주문, 레드점보윙"
교촌서귀포1호점,상위_75_90,"치킨, 허니콤보, 교촌, 맛있어요, 포장, 양념, 소스, 야식"
교촌치킨 영어교육도시점,상위_50_75,"교촌, 쿠폰, 포장, 테이크아웃, 친절"
구공족발,하위_10,"족발, 맛, 가격"
구구토종닭,상위_25_50,"토종닭, 샤브샤브, 백숙, 맛있어요, 친절, 신선한 재료, 건강식, 정갈한 반찬, 배부름, 추천"
구두미 바당,상위_75_90,"친절, 맛, 굿"
구락,상위_25_50,"어향가지새우, 삼선짬뽕, 깔끔한 매장, 재방문, 친절한 서비스"
구럼비나무 피자&파스타,상위_25_50,"맛있음, 친절, 깔조네"
구르메스시 오마카세,상위_25_50,"맛있음, 친절, 신선도, 분위기, 추천, 오마카세, 제주도, 해산물, 특별한 경험, 감동"
구산식당,상위_25_50,"콩국수, 정식, 가성비, 친절, 위생"
구어라조연탄,상위_10_25,"근고기, 가성비, 친절한 서비스"
구억불사나이,상위_50_75,"짬뽕, 등갈비, 해물"
구엄애초밥,상위_25_50,"초밥, 회덮밥, 가성비, 신선함, 친절"
구이사이,상위_50_75,"고등어구이, 가성비, 제주맛집"
세화 구좌모메존흑돼지,상위_50_75,"고기, 친절, 반찬, 제주도, 맛집, 신선한 재료, 가성비, 청국장"
국군복지단 서귀포호텔식당,상위_25_50,"조식, 가성비, 흑돼지"
국빈대반점,상위_10_25,"맛, 친절, 청결, 빠른 서비스, 넓은 공간, 재료, 볶음밥, 짬뽕, 탕수육, 숨은 맛집"
국수도둑,하위_10,"국수, 친절, 맛집"
국수마씸&고사리마씸,상위_75_90,"고기국수, 해장국, 직원 친절도"
국수먹고가게,상위_50_75,"고기국수, 친절한 사장님, 현지인 맛집"
국수몰고랑,하위_10,"돼지국밥, 순대국밥, 현지인 맛집"
국수몽,상위_75_90,"고기국수, 비빔국수, 친절한 사장님, 국물 깔끔, 양 많음, 가성비 좋음, 제주도 맛집, 석양 뷰, 보말죽, 세트메뉴"
국수사랑,상위_25_50,"고기국수, 제주도민 맛집, 콩국수"
국수와야식,하위_10,"양, 맛집, 비빔국수, 돔베고기, 파김치"
국수와의미팅,하위_10,"비빔국수, 고기국수, 로컬맛집"
국수장터,상위_25_50,"고기국수, 순대국수, 도민맛집"
국수&전,상위_50_75,"친절, 맛, 동네맛집, 고기국수, 전"
국수탐나,상위_50_75,"국수, 김치, 맛집"
국시트멍 제주고기국수,상위_10_25,"고기국수, 진한 육수, 친절한 서비스"
국제부두토산품스낵,상위_25_50,"비싸다, 건강식, 김밥"
군산소문난해물칼국수,상위_10_25,"칼국수, 아구찜, 신선한 해물"
군산야식,하위_10,"아구탕, 손맛, 해장능력"
군족본점,상위_75_90,"바베큐, 친절, 포장"
군족 서귀포점,상위_75_90,"바베큐 족발, 부대찌개, 막국수"
굼부리식당,하위_10,"고사리, 제육볶음, 가성비, 단체 관광객, 친절"
굽네치킨 제주 성산점,하위_10,"치킨, 친절, 뷰, 맛집, 포장"
굽네치킨 제주영어도시점,하위_10,"친절, 굽네치킨, 깔끔, 바삭, 쫄깃"
굽써,상위_25_50,"오겹살, 목살, 계란찜, 친절, 숙성고기, 바닷가 뷰"
궁중삼계탕,하위_10,"삼계탕, 제주 노포, 친절 서비스"
궁중오메기떡,상위_25_50,"부드러운 떡, 친절한 서비스, 접근성 좋은 위치"
권가칼국수,상위_50_75,"닭곰탕, 칼국수, 해물파전, 친절, 국물, 제주, 맛집"
귀동이네,상위_75_90,"맛있고, 특별한, 김치"
규방,상위_75_90,"술집, 닭도리탕, 친절한 사장님"
규영이네가든,상위_50_75,"맛집, 친절, 가성비"
규태네양곱창 남녕점,상위_10_25,"곱창전골, 친절한 사장님, 매장 청결"
규태네양곱창 남녕점,상위_75_90,"곱창전골, 친절한 사장님, 매장 청결"
카페 귤꽃다락,상위_10_25,"감성카페, 귤라떼, 인테리어"
귤당리 협재점,상위_50_75,"귤당리, 오션뷰, 브런치"
귤로,상위_10,"치킨, 커피, 가성비, 친절, 바다뷰, 디저트, 청귤차"
귤밭사이로수제돈가스,상위_75_90,"돈까스, 리필, 가성비"
귤하르방 동문시장점,상위_75_90,"제주흙돼지, 슬러시, 친절, 위생, 동문시장"
귤하르방 구좌점,상위_75_90,"맛있음, 친절, 주스, 빵, 제주도"
소담은해장국그늘집,상위_50_75,"소고기해장국, 청결, 친절, 내장탕, 혼밥, 맛집"
GRAMINEE,하위_10,"뷰, 디저트, 커피, 친절, 바다"
그러므로part2,상위_25_50,"핸드 드립, 디저트, 분위기, 애견동반, 제주도, 커피, 친절, 야외 공간, 추천"
그럼피 베이비,상위_75_90,"팬케이크, 친절, 브런치, 비건, 사장님, 분위기, 맛집"
그륻,하위_10,"사장님, 음식, 분위기, 맛, 재방문"
그릉그릉 파스타가게,하위_10,"파스타, 티라미수, 고양이 소품"
그리그리카페,상위_75_90,"디저트, 분위기, 친절, 커피, 인테리어"
그리너 제주인화점,상위_75_90,"신선함, 쾌적함, 다양성"
그리매,상위_75_90,"갈치조림, 친절한 서비스, 맛있는 반찬"
그리운바다성산포민박,상위_50_75,"편안한 휴식 공간, 위생적이지 않음, 맛집 의문"
그리울땐제주,하위_10,"아몬드크림라떼, 당근케이크, 해안뷰, 커피맛집, 뷰맛집"
그리트커피,상위_75_90,"디저트, 커피, 친절"
그린보이즈 제주노형점,상위_75_90,"샐러드, 신선한 재료, 친절한 서비스"
그린사이공,상위_50_75,"쌀국수, 반미, 친절한 사장님"
그마니네식당,상위_75_90,"갈치조림, 친절한 서비스, 신선한 해산물"
그옛맛,상위_50_75,"전복돌솥밥, 성게미역국, 해물뚝배기, 친절한 서비스, 건강한 식사"
그집글라,상위_50_75,"고등어조림, 친절, 밑반찬"
글라글라하와이,상위_25_50,"하와이안 분위기, 피쉬앤칩스, 친절한 직원"
글램큐,상위_75_90,"고기, 친절, 분위기"
글러트니커피,상위_50_75,"커피, 디저트, 인테리어, 재방문, 친절, 맛집"
금갈치 동문시장점,상위_10,"갈치, 전복, 물회"
금강민물장어,상위_10_25,"장어맛집, 가성비, 밑반찬"
금관,상위_50_75,"오리고기, 오리탕, 반찬"
제주블랑,상위_75_90,"독채, 금능 바다, 난방시설"
둘레길 제주협재금능점,상위_50_75,"혼밥, 오션 뷰, 제주 로컬 푸드"
금능반지하,상위_75_90,"금능반지하, 바다뷰, 수제맥주, 노을, 분위기, 친절한 사장님, 귀여운 동물, 맛있는 음식"
금능이모네,상위_50_75,"보말죽, 전복죽, 친절한 사장님"
금능포구횟집,상위_50_75,"갈치조림, 한치물회, 전복죽, 쥐치조림, 반찬, 현지맛집"
금데기횟집,상위_10,"코스요리, 바다뷰, 친절한 서비스"
금돈상회,상위_10_25,"고기, 친절, 제주산"
금바우흑돼지참숯구이,상위_50_75,"고기, 친절, 맛집, 제주, 흑돼지"
금박돈,상위_75_90,"고기, 친절, 김치찌개"
금백조로가든,상위_25_50,"갈치, 가성비, 친절함, 반찬, 제주도"
금별맥주 서귀포점,상위_10_25,"인테리어, 가성비, 맥주, 안주, 맛집"
금별맥주 제주제원점,상위_10_25,"술, 안주, 시끄러움"
교래리 금보가든 에코랜드점,하위_10,"가게 리뷰 가성비, 제주 향토음식, 신선한 야채, 두루치기, 접짝뼈국, 삼계탕, 맛집, 친절한 서비스"
금보,상위_50_75,"신선한 재료, 고등어구이, 우럭조림"
동문시장고기국수 금복식당,상위_25_50,"고기국수, 김밥, 친절한 서비스"
금복촌,상위_10_25,"예약 필수, 양 푸짐, 친절한 직원"
금빌레식당,하위_10,"한식뷔페, 간장게장, 친절한 서비스"
금수강산 바다장어,하위_10,"장어, 물회, 신선함"
똣똣라면 본점,상위_50_75,"라면, 친절, 해장"
금악정육식당,상위_25_50,"고기, 가격, 친절"
금자매식당,상위_10_25,"고등어구이, 명란, 친절한 서비스"
금촌댁,하위_10,"고기, 친절, 가성비"
금하갈비,상위_50_75,"김치찌개, 고기, 셀프바"
금하순대,하위_10,"맛, 신선한 재료, 감사"
금하식당,상위_75_90,"부대찌개, 가성비, 친절, 맛집, 제주도"
금화덕,상위_50_75,"맛있다, 친절하다, 양 많다, 재방문, 추천, 파스타, 피자, 서비스, 해산물, 스테이크"
기대만족 신제주점,상위_25_50,"서비스, 맛, 양, 친절, 매운맛, 포장, 제주도"
기대만족 제주점,하위_10,"맛있다, 부드럽다, 친절하다, 양 많다, 족발, 보쌈, 서비스, 추천"
기리시마,상위_25_50,"메로지리, 초밥, 밑반찬"
기쁨이네해물탕앤돌솥밥,상위_25_50,"전복, 해물탕, 신선함"
가시어멍김밥 서귀포본점,상위_25_50,"김밥, 국물떡볶이, 돈까스, 비빔만두, 열무국수"
기어서집까지,상위_75_90,"전, 비빔밥, 제주도"
기억나는집,상위_10_25,"해물탕, 가성비, 칼국수, 해산물, 국물"
기운네흑돼지 서귀포올레시장 본점,하위_10,"흑돼지, 친절한 사장님, 반찬 다양성"
기찬밥상,상위_75_90,"족발, 가성비, 친절, 맛집, 국수, 반찬, 제주도"
기회횟집,상위_10_25,"고등어회, 딱새우회, 친절한 서비스"
길림성,상위_25_50,"세트메뉴, 탕수육, 짬뽕"
길벗식당,상위_10_25,"오리고기, 수제비, 친절한 서비스"
길촌횟집,상위_10_25,"자연산, 신선한 회, 친절한 서비스"
김고기,상위_25_50,"김고기, 제주도민 맛집, 항정살"
김녕대성횟집,하위_10,"해물라면, 친절, 가성비, 비린내, 양"
월고집 구좌 월정리 본점,상위_75_90,"흑돼지, 친절한 서비스, 된장찌개"
김대감숯불갈비,상위_50_75,"생갈비, 양념갈비, 가성비"
정통갈치조림명가 김도희의갈치창고,상위_75_90,"갈치구이, 갈치조림, 반찬"
김반장쪽갈비,상위_25_50,"쪽갈비, 반찬, 친절, 맛집, 예약"
김밥꼬순내,상위_75_90,"김밥, 고소함, 단백한 맛, 배달, 꼬마김밥"
김밥노리터 서귀포올레시장점,하위_10,"김밥, 떡볶이, 대왕오징어튀김, 분식, 서귀포"
김밥명가 서귀포점,상위_75_90,"떡볶이, 가성비, 김밥"
김밥상회,하위_10,"김밥, 청결, 가격, 맛, 포장, 재료"
김밥옆구리앤생선구이,상위_75_90,"신선한 생선, 친절한 서비스, 다양한 메뉴"
김밥천국서귀포점,상위_75_90,"비빔밥, 김밥, 친절한 사장님"
김밥천국 광양대학로점,상위_50_75,"가성비, 김밥, 분식"
김밥천국 연동점,상위_10_25,"사장님, 친절, 가성비, 김밥, 맛, 직원"
김밥천국이도점,상위_25_50,"김밥, 불친절, 가성비"
김밥천국 신연동점,상위_10_25,"김밥천국, 양 많음, 친절한 사장님"
김북순큰남비집 연동1호점,하위_10,"고기, 김치찌개, 혼밥, 친절, 깨끗함"
김삿갓보쌈족발,상위_50_75,"보쌈, 굴, 친절, 맛집, 신선함"
김서방재첩해장국,상위_10_25,"제주도, 제육볶음, 재첩해장국, 성게미역국, 가성비, 밑반찬, 해장국, 불친절, 주차, 맛집"
김수미식당,상위_75_90,"가게 리뷰 가성비, 맛집, 반찬, 제주도, 한식뷔페"
김씨네도가니탕,상위_25_50,"설렁탕, 돌솥밥, 갈비탕, 김치, 맛집"
김여사네,상위_25_50,"김여사네, 김밥, 가성비"
김원꼬치점,상위_50_75,"마파두부, 양꼬치, 꿔바로우"
김이박,하위_10,"양념갈비, 항정살, 친절한 직원"
김재훈고사리육개장,상위_10,"고사리육개장, 몸국, 친절한 직원"
김준호의대단한갈비 제주노형점,하위_10,"가성비, 갈비, 친절한 서비스"
김준호의대단한갈비 제주도남점,하위_10,"친절, 양, 맛있어요"
김준호의대단한갈비 제주월랑점,하위_10,"가성비, 간편 조리, 양념갈비"
김준호의대단한갈비 제주첨단점,하위_10,"돼지갈비, 가성비, 된장찌개"
김준호의대단한갈비 제주한림점,하위_10,"돼지갈비, 가성비, 매운냉면, 고기상태, 양념갈비"
김준호의대단한갈비 제주일도점,하위_10,"갈비, 가성비, 친절 서비스"
김해횟집,상위_25_50,"회, 젓갈, 친절, 초밥, 미역국"
김희선제주두루치기,상위_75_90,"두루치기, 찌개, 친절함"
카페깃든,상위_75_90,"아늑한, 바다뷰, 친절한, 비건카레, 제주스러운, 인테리어, 맛있는, 커피, 분위기"
까떼커피,상위_75_90,"뷰, 음료, 재방문"
까망꼬숑 제주,상위_10_25,"친절, 고기 질, 오마카세"
까망도그 김녕,상위_50_75,"문어핫도그, 회오리감자, 친절한서비스"
까망돼지 서귀포점,상위_10_25,"고기, 친절, 반찬, 흑돼지, 서비스, 된장찌개, 제주도, 초벌, 맛집, 가성비"
카페나모나모 베이커리,상위_10,"카페, 베이커리, 뷰, 커피, 친절, 주차, 디저트, 좌석, 분위기, 할인"
깐깐한족발 노형점,상위_25_50,"족발, 직원 친절, 맛있음"
깔루아 제주,하위_10,"파스타, 피자, 신선함, 친절, 재방문"
깡촌흑돼지 함덕본점,상위_10,"흑돼지, 직접 구워주기, 친절한 서비스"
꺼멍도새기,상위_10_25,"갈치조림, 친절, 가격대비"
꺼멍때지국수,상위_10_25,"국수, 깔끔, 맛집"
꼬꼬아찌숯불치킨 서귀점,하위_10,"안주, 친절, 맥주, 숯불 바베큐, 깔끔"
꼬꼬앤쿡,상위_25_50,"치킨, 숯불구이, 친절, 양, 맛, 포장"
꼬닥꼬닥걸으멍,하위_10,"김밥, 해물파전, 청보리 아이스크림"
꼬스뗀뇨,상위_25_50,"뷰, 커피, 디저트"
꼴통집 본점,상위_75_90,"반찬, 고기, 친절"
꼼닭,상위_50_75,"맛집, 친절, 고기, 가성비, 제주도, 반찬, 웨이팅, 예약, 막창, 김치"
꽁순이네,상위_25_50,"고기국수, 몸국, 육수"
꽁양꽁양,상위_75_90,"치즈돈까스, 간장새우덮밥, 김치나베우동"
꽁지식당,하위_10,"김치찌개, 돈가스, 친절한 서비스, 가성비, 현지인 맛집"
꽃가마,상위_50_75,"갈비탕, 밑반찬, 맛집"
꽃돼지연탄구이,상위_25_50,"주차 공간, 고기, 김치찌개, 흑돼지, 서비스, 야외, 초벌구이, 친절, 가격, 맛집"
꽃마름 제주이도점,상위_25_50,"샤브샤브, 신선한 야채, 친절한 직원"
꽃밥,상위_50_75,"집밥, 가성비, 건강한 맛, 반찬, 친절함, 웨이팅, 아기자기, 정갈함, 디저트, 고등어 조림"
블라썸꽃이피다 서귀포점,상위_50_75,"블라썸꽃이피다, 브런치맛집, 한라산뷰"
꽃잎대패 제주아라일동점,상위_50_75,"대패삼겹살, 무한리필, 친절한 서비스, 청결, 다양한 야채"
꽈페제주협재점,상위_50_75,"꽈배기, 친절한 사장님, 제주 감성"
꾸브라꼬숯불치킨 제주시청점,하위_10,"치킨, 숯불양념구이, 우동사리, 배달, 맛있다"
꾼2,하위_10,"단어1: 맛, 단어2: 서비스, 단어3: 분위기 리뷰 내용: 좋아요 추천합니다"
꿀꿀이와꽃게,상위_50_75,"동태탕, 푸짐한, 친절한 서비스"
꿀돼지,상위_50_75,"친절, 가성비, 맛있어요, 고기, 청결"
꿀돼지세상,상위_75_90,"된장찌개, 친절, 가성비"
꿀봉 제주한림본점,상위_75_90,"돼지튀김, 꿀봉, 친절한 서비스"
꿀봉 동문시장점,하위_10,"꿀봉, 동문시장, 제주도"
꿈낭밥집,상위_75_90,"보리굴비, 청국장, 친절한 서비스"
꿈낭밥집,상위_10_25,"보리굴비, 청국장, 친절한 서비스"
꿈에본꽃돼지,상위_50_75,"흑돼지, 친절, 맛있어요"
꿈의요리애월,상위_10_25,"맛집, 친절, 깔끔"
오키니,하위_10,"초밥, 디저트, 신선도, 친절, 감성"
나고야일식,상위_25_50,"신선한 회, 친절한 서비스, 푸짐한 양"
나눔김밥,상위_25_50,"김밥, 제육김밥, 가성비, 친절, 포장"
나니와,상위_10_25,"보말칼국수, 아강발, 제육쌈밥정식, 닭도리탕, 고등어조림, 24시간 영업, 친절한 서비스, 반찬, 중국인 직원, 청결 문제"
나드리빵집,상위_50_75,"빵, 친절, 가성비"
나라국밥본점,상위_75_90,"진한 국물, 친절한 서비스, 야외 테라스"
김녕나루터,상위_75_90,"친절, 맛집, 고기"
나목도식당,상위_50_75,"두루치기, 가성비, 순대국"
나무식탁,상위_50_75,"고등어온소바, 제주맛집, 웨이팅"
나우커피 제주광양점,하위_10,"무인카페, 깔끔, 음료맛"
나우커피 제주노형점,하위_10,"커피, 친절, 깔끔, 아이스초코, 24시"
나우커피 제주도남점,하위_10,"커피, 핫초코, 친절"
나우커피 제주삼도점,하위_10,"무인카페, 커피맛, 매장청결"
나이체,상위_50_75,"커피, 친절, 디저트"
나홀로횟집,상위_50_75,"신선한 회, 친절한 서비스, 가성비 좋은 가격"
낙낭회센터,하위_10,"한치회, 가성비, 친절, 맛집, 숙성회, 포장, 싱싱함, 매운탕"
낙동생오리 제주직영점,상위_75_90,"오리, 수제비, 비빔밥, 가성비, 친절함"
낙원돈대패,하위_10,"양, 맛, 친절, 가성비, 반찬, 분위기, 신선, 깔끔, 텃밭, 대패삼겹"
낙지친구,상위_50_75,"낙지볶음, 청국장, 친절한 서비스"
난드르깡통구이,하위_10,"고기, 친절, 맛집"
난드르바당,상위_10_25,"뷰, 고기, 친절, 분위기, 고양이, 추천, 제주, 맛집"
난드르포구,상위_75_90,"회, 우럭튀김, 객주리 조림, 신선한 재료, 제주도 맛집"
난드르흑돼지,상위_75_90,"고기, 사장님, 서비스"
남가네설악추어탕 도남점,상위_50_75,"추어탕, 돌솥밥, 순대"
남가네설악추어탕 도련점,상위_75_90,"벌레, 사과, 불쾌, 친절하지못해요, 추어탕"
남가네설악추어탕 아라점,상위_75_90,"뼈해장국, 불친절, 추어탕, 추어튀김, 솥밥"
남경미락,상위_10,"다금바리, 제주도, 횟집"
남다른대구막창 연동점,상위_50_75,"막창, 반찬, 친절"
남도밥상,상위_50_75,"갈치조림, 친절한 서비스, 합리적인 가격"
남문숯불바베큐&치킨 도두점,하위_10,"치킨, 친절, 바삭함"
남문숯불바베큐앤치킨노형점,상위_25_50,"숯불바베큐, 후라이드치킨, 친절한 서비스, 신선한 재료, 매장 분위기"
남문숯불바베큐앤치킨 신촌점,하위_10,"친절, 맛있음, 소금구이, 바베큐, 포장 할인"
남문숯불바베큐앤치킨 정실점,상위_50_75,"맛있어요, 양념구이, 친절, 바베큐, 양"
남문숯불바베큐&치킨 한림점,상위_75_90,"후라이드, 숯불바베큐, 친절한 서비스, 제주산닭, 닭다리살"
남문숯불바베큐엔치킨 도남점,하위_10,"치킨, 양념, 서비스"
남문숯불바베큐치킨 대정점,상위_75_90,"치킨, 친절, 주차, 메뉴, 맛"
남성로치킨하우스,하위_10,"후라이드치킨, 닭도리탕, 맥주"
남순이네국수,상위_50_75,"보말죽, 보말칼국수, 바다뷰, 맛집, 친절, 세트메뉴, 제주도"
남양통닭 인화점,상위_50_75,"치킨, 닭똥집, 생맥주"
남원가,상위_25_50,"고기, 육개장, 족발, 반찬, 제주도"
남원골감나무집,하위_10,"돼지갈비, 계란찜, 가성비, 고기 퀄리티, 반찬"
남원바당,상위_10_25,"돔베고기, 멜조림, 항정국, 제주도, 도민맛집, 가성비, 친절, 술안주, 손맛, 추천"
남정네들포장마차,상위_50_75,"고등어회, 신선한 해산물, 가성비"
사우스바운더,상위_10_25,"피자, 맥주, 분위기, 버블 비어, 치킨, 음악, 추천"
남호식당,상위_10_25,"가게 리뷰 할인, 파무침, 가성비, 삼겹살, 분위기, 친절, 소주, 불편"
표선 낭구지횟집,상위_50_75,"신선한 회, 친절한 서비스, 푸짐한 코스"
낭만오름,하위_10,"들깨순두부, 연잎밥, 고등어구이, 밑반찬, 맛집"
낭뿌리식당,상위_75_90,"멜조림, 동태탕, 제육정식, 갈치조림, 신선한 재료, 친절한 서비스"
낭쿰낭쿰 산방산점,상위_25_50,"전골, 해산물, 친절한 사장님"
낭푼이닭한마리,상위_75_90,"닭볶음탕, 가성비, 맛있어요, 국물, 제주도"
낮에정식 밤에갈비,상위_50_75,"냉국, 손맛, 가성비, 반찬, 제육볶음"
내고향해장국노형점,상위_25_50,"해장국, 제주, 맛있어요"
내도음악상가,상위_25_50,"분위기, 음악, 노을"
내돈니돈 흑돼지 서귀포점,상위_50_75,"흑돼지, 친절한 사장님, 밑반찬"
제주내리막 외도점,상위_10_25,"곱창전골, 반찬, 친절한 서비스"
냉동고 신제주본점,상위_10_25,"얇은 삼겹살, 볶음밥, 친절한 서비스"
아방갈비,상위_25_50,"소고기, 친절, 가성비, 된장찌개, 매장 청결"
너와의첫여행 감귤체험카페&레스토랑,상위_10_25,"감귤창고카페, 야외 테이블, 감성 인테리어"
넉둥베기고사리육개장,상위_10_25,"고사리 육개장, 접짝뼈국, 산적구이"
넘은 봄,상위_25_50,"한식, 제주도, 청굴물뷰"
넝쿨하눌가든,상위_10,"오리탕, 제주도민, 맛집"
네거리식당,상위_10,"갈치조림, 갈치국, 해장국"
네거리올레 올레시장점,상위_10_25,"흑돼지, 롤카츠, 바삭함, 양 많음, 제주도 맛"
네네치킨 조천함덕점,상위_50_75,"치킨, 친절, 포장"
네오치킨 중문점,상위_75_90,"치킨, 맛있다, 친절, 제주여행, 하나로마트"
노가리앤비어 테마파크,상위_10_25,"핫플레이스, 가성비, 프라이빗"
노가리앤비어 제주시청점,상위_50_75,"떡볶이, 친절, 기본안주"
노다지해장국,상위_75_90,"해장국, 겉절이, 무김치, 한우소머리해장국, 소주"
노도 고등어회,상위_10,"고등어회, 딱새우, 오션뷰, 친절한 직원, 푸짐한 밑반찬"
노라바,상위_10_25,"문어라면, 해물라면, 웨이팅"
노랑통닭 제주 연동점,상위_25_50,"치킨, 친절, 바삭, 양념, 가성비"
노랑통닭 제주 동홍점,상위_50_75,"치킨, 바삭함, 친절한 서비스"
노랑통닭 제주 삼화점,상위_75_90,"치킨, 생맥주, 가성비, 배달, 순살, 위생"
노랑통닭 제주시청점,상위_75_90,"친절, 바삭, 맛있어요, 후라이드, 배달"
노랑통닭 제주 외도점,하위_10,"픽업, 바삭바삭, 친절, 순살, 마늘소스"
노랑해바라기김밥,상위_25_50,"김밥, 어묵, 매운맛"
노러브노라이프,상위_75_90,"위스키, 아늑한 분위기, 친절한 사장님"
노마스,상위_25_50,"뇨끼, 샐러드, 커피, 재방문, 친절, 맛있음, 분위기, 고퀄리티, 감자스프"
노모어블루스,상위_25_50,"스테이크, 뇨끼, 친절한 서비스, 라자냐, 바질페스토, 디저트, 신선한 재료, 분위기, 가성비, 추천"
노바운더리 제주,상위_50_75,"라자냐, 전복리조또, 브런치"
노바운더리 제주,상위_25_50,"라자냐, 전복리조또, 브런치"
노을해안1014,상위_50_75,"친절, 바이크, 제주도, 해안도로, 즐거움"
노포갈비,상위_10_25,"돼지생갈비, 양념게장, 신선한 고기"
노형둘레국수,상위_50_75,"콩국수, 김치, 국밥, 친절, 맛있어요"
몬난이네장어구이,상위_50_75,"친절, 신선, 맛있음"
노형삼다오리,상위_75_90,"맛, 가성비, 셀프, 한가한 시간, 오리고기"
노형삼조삼계탕,상위_75_90,"삼계탕, 비위생적, 불친절"
노형순창갈비,상위_50_75,"안창살, 곱창전골, 가격 부담"
노형엔횟집,상위_25_50,"가게 가성비, 신선한 회, 스끼다시"
노형한빛식당,상위_75_90,"창도름국밥, 순대국밥, 맛집"
노형 호수 아구찜,상위_50_75,"아구찜, 양, 맛있어요"
녹두네,상위_50_75,"상술, 막걸리, 친절, 맛집, 가격"
녹색집,상위_10_25,"고기, 소갈비살주물럭, 친절한 사장님"
녹차골정식,상위_75_90,"맛집, 가성비, 친절, 신선, 재방문"
논지물횟집,상위_75_90,"갈치조림, 친절, 맛집"
놀이터정육식당,상위_25_50,"대패 오겹살, 김치, 혼밥"
놈놈놈막창 표선점,상위_75_90,"막창, 맛있어요, 친절"
놈삐뼈국,하위_10,"놈삐뼈국, 몸국, 숙주제육"
농부밥상,하위_10,"친절, 맛집, 건강식"
농부와꽃돼지,상위_75_90,"맛, 친절, 반찬, 건강한, 야채"
백록횟집 성산본점,상위_50_75,"신선한 회, 고등어회, 친절한 서비스"
누구나홀딱반한닭 제주동홍점,상위_25_50,"맛있어요, 친절, 양 많음"
누룩대통령,하위_10,"푸짐, 맛있어요, 친절, 육회탕탕, 소주, 막걸리"
누바비치,상위_10_25,"수영장, 바다뷰, 감귤피자, 친절한 직원, 힙한 분위기, 아이 동반 가능, 제주도, 브런치, 이국적인 느낌, 음료 가격"
누이밥집,상위_25_50,"전복세트, 친절한 사장님, 제주 향토음식"
nookaewol,상위_50_75,"카페, 바다뷰, 친절한 서비스, 음료, 인테리어, 힐링, 제주, 시그니처 메뉴, 애월, 분위기"
느루온,상위_10_25,"고등어, 아보카도명란, 숙성회, 봉초밥, 분위기"
느영나영혼듸모영갈비탕,상위_50_75,"갈비탕, 친절, 국물"
늘봄흑돼지,상위_10,"고기, 친절, 주차, 흑돼지, 가성비, 밑반찬, 매장, 서비스, 여행, 맛집"
늘소담,상위_10_25,"신선한 재료, 친절한 사장님, 맛있는 음식"
늘장터식당,상위_75_90,"맛, 친절, 위생"
늘조은명품흑돼지 한림,상위_75_90,"고기, 친절, 가성비"
능가,하위_10,"갈비탕, 고기, 친절한 서비스"
능소비빔국수 제주점,상위_50_75,"신선한 재료, 친절한 서비스, 깔끔한 매장"
니모메,상위_50_75,"카페, 뷰, 브런치, 커피, 디저트, 친절, 제주"
다카포,상위_75_90,"친절, 커피, 아이들, 야외, 수영장, 깨끗함, 놀거리, 맛있음"
다가미,상위_50_75,"김밥, 참치로얄, 가성비, 포장, 신선한 야채"
다가미 아라점,하위_10,"김밥, 가성비, 매운맛"
다가미 중문점,하위_10,"김밥, 가성비, 친절한 서비스"
솥밥과추어탕,상위_10_25,"추어탕, 맛집, 서귀포"
다니쉬,상위_50_75,"감자빵, 휘낭시에, 커피, 친절한 서비스, 분위기"
다다익고 신서귀포점,상위_10_25,"고기, 가성비, 친절, 샐러드바, 정육식당"
다다익고 정육식당 제주사수점,상위_25_50,"고기질, 가성비, 친절한 직원"
다래가든,하위_10,"두루치기, 가성비, 친절, 밑반찬, 맛있어요"
다려도횟집,상위_50_75,"우럭조림, 신선한 재료, 현지인 추천"
다린,상위_50_75,"차, 빙수, 친절, 쌍화차, 대추차, 가성비, 맛있어요, 건강한, 정성, 분위기"
다모인식당,하위_10,"친절, 장어지리, 밑반찬, 고소, 담백, 맛있어요"
다미야,상위_10_25,"분위기, 친절, 맛, 청결, 안주"
다미야 서귀포점,상위_75_90,"메뉴 구성, 분위기, 친절한 서비스"
다미회,상위_25_50,"삼치회, 가성비, 친절한 서비스"
다복식당,상위_50_75,"정식, 반찬, 친절"
다빈장,상위_50_75,"맛집, 분위기, 안주, 흑돼지, 수육튀김, 살얼음맥주, 제주, 애월, 친절, 핫플"
다섯시갈비,상위_75_90,"고기, 친절, 2+1, 신선, 서비스, 관리 부족"
다시또오리,상위_50_75,"오리주물럭, 오리탕, 볶음밥"
다시버시,하위_10,"갈치조림, 반찬, 친절한 사장님"
다시정,상위_75_90,"고기, 생갈비, 곽지해수욕장"
다오라민포,상위_25_50,"쌀국수, 맛집, 재방문"
다올국수,상위_25_50,"고기국수, 비빔국수, 친절한 서비스, 양 많음, 가성비 좋음, 제주공항 근처, 다양한 메뉴, 깔끔한 매장"
다올김밥분식,상위_50_75,"모닥치기, 친절, 맛있어요"
다올정식당,상위_50_75,"집밥, 가성비, 반찬"
다윤이네,상위_50_75,"순두부찌개, 비빔국수, 가성비, 고기, 제주 흑돼지"
타이어백화점,상위_25_50,"친절, 위치, 추천"
다정이네김밥 서귀포신시가지점,상위_10_25,"김밥, 떡볶이, 신선한 재료, 불친절, 매장 분위기, 포장, 가격 인상, 고객 서비스, 방문 의사, 인기"
다정하다,하위_10,"수제비, 친절, 맛집, 에그타르트, 분위기, 청결, 배달, 브런치, 강추, 신선함"
다정한식탁,하위_10,"돈까스, 인테리어, 친절한 서비스"
다찜,하위_10,"아귀찜, 친절, 매운맛, 볶음밥, 해물"
불스,하위_10,"다트맛집, 서비스, 친절, 음악, 추천"
닥그네할망,상위_10_25,"접짝뼈국, 고사리육개장, 친절한 사장님"
단골손님,상위_50_75,"가성비, 정식, 친절"
단또,상위_75_90,"스키야끼, 친절한 사장님, 맛있는 음식"
단비식당,하위_10,"제주도 맛집, 가성비, 집밥, 친절, 반찬"
단소 제주 애월본점,상위_25_50,"단소, 반찬 리필, 가성비"
단풍나무,상위_75_90,"통갈치구이, 흑돼지두루치기, 한정식"
달고기네 은갈치,하위_10,"은갈치조림, 달고기조림, 바다뷰, 솥밥, 친절한 서비스"
달고래키친,상위_50_75,"브런치, 바다뷰, 아이 친화적"
달그락식탁,하위_10,"돈가스, 제육볶음, 가성비, 반찬, 친절"
달동네수제숨두부,하위_10,"순두부, 건강한 음식, 맛집"
달래네,상위_75_90,"낚시체험, 친절한 서비스, 제주여행, 새우 미끼, 풍랑주의보, 돌고래 관찰, 가성비, 반건조오징어, 가족 여행, 깨끗한 시설"
달림흑돼지,하위_10,"양념갈비, 흑돼지, 가성비"
달마갈비,상위_25_50,"생갈비, 된장찌개, 양념게장"
달맞이식당,상위_10_25,"맛, 친절, 냄새, 배려, 비법, 시끄러움, 음식, 매장, 가격, 방문"
달빛주막,하위_10,"친절, 해물파전, 멜튀김, 맛집, 막걸리"
달사막,상위_75_90,"달사막, 이국적 분위기, 맥주 다양성"
달소금식탁,하위_10,"반찬, 전복죽, 친절한 서비스"
달이뜨는식탁 구좌 월정리 본점,상위_25_50,"돈까스, 딱새우로제파스타, 해산물크림파스타, 두꺼운흑돼지돈까스, 웨이팅"
달자카페,하위_10,"뷰, 커피, 친절, 가성비, 분위기, 맛, 바다, 애월, 케이크, 반려동물"
달쥬,상위_50_75,"귤, 배달, 프리미엄 과일"
달콤다락,상위_25_50,"귀여운 소품, 기념품 다양, 친절한 직원"
달콤아재,상위_75_90,"해수욕장, 땅콩 아이스크림, 한라봉 아이스크림, 할인, 친절한 사장님, 맛집, 달콤, 고소, 분위기"
달콤왕가탕후루 삼화점,상위_50_75,"탕후루, 달콤함, 아이들, 맛있음, 간식"
달콤왕가탕후루 서귀포일호광장점,상위_25_50,"탕후루, 제주도, 바삭바삭"
달콤왕가탕후루 연동점,상위_50_75,"친절, 망고, 다양성, 탕후루, 맛있음"
달콤한닭강정 연동점,하위_10,"달강정, 친절, 맛있어요"
버닝치즈,상위_25_50,"청국장, 석쇠불고기, 가성비, 맛집, 건강식, 분위기, 반찬, 웨이팅, 친절, 인테리어"
월정리 담또와,하위_10,"소금빵, 감자빵, 에그인더헬"
담아래 본점,상위_10_25,"담아래, 제주도, 솥밥, 가지튀김, 정갈한 반찬, 친절한 서비스, 건강한 맛, 웨이팅, 맛집, 한라버섯밥"
담을솥,하위_10,"솥밥, 파스타, 분위기, 플레이팅, 건강한 음식, 반찬, 인테리어, 가성비, 재방문, 제주"
담 이자카야,상위_25_50,"사시미, 나가사키 짬뽕, 계란말이, 안주, 친절, 분위기, 퀄리티"
당케올레국수,상위_10_25,"보말칼국수, 국물, 청양고추"
대가정육식당,상위_50_75,"고기질, 가성비, 흑돼지"
대게마을,상위_10,"대게, 친절, 신선함"
대관령아구찜조개구이,상위_50_75,"조개구이, 해물라면, 볶음밥, 친절한 서비스, 신선한 해산물"
대관원,상위_25_50,"간짜장, 짬뽕, 탕수육"
대광식당,상위_75_90,"비빔냉면, 갈비탕, 친절한 서비스"
대구반야월막창,하위_10,"오도독살, 무뼈닭발, 계란찜, 막창, 친절한 사장님"
대구불노리왕막창 아라점,하위_10,"김치찜, 무한리필, 가격적당"
대굴대굴 굴구이 도두점,상위_25_50,"신선한 굴, 친절한 직원, 매장 분위기"
대굴대굴굴구이 삼화점,상위_10_25,"굴, 신선함, 맛집"
대굴대굴굴구이 연동본점,상위_10,"친절한 직원, 가성비 좋은 음식, 신선한 굴"
대궁숯불갈비,상위_10_25,"양념갈비, 가성비, 맛집"
대기야놀자,상위_50_75,"김밥, 가성비, 친절"
대기정,상위_10,"갈치조림, 순살, 제주도"
디오커피랩,상위_50_75,"커피, 주차, 인테리어"
대도식당,상위_25_50,"김치복국, 해장, 복어"
대도식당 연동점,상위_25_50,"복어, 가성비, 신선함, 김치복국, 해장, 친절, 맛집"
대독장 제주본점,상위_50_75,"참치김치찌개, 계란후라이, 친절한 서비스, 김치찌개, 매장 청결, 가족 동반, 주차 편리, 가성비, 두루치기, 국물 맛"
대명한우갈비살,상위_50_75,"소고기, 가성비, 친절"
대문집,상위_10_25,"갈치조림, 성게미역국, 고등어구이"
대어호횟집,상위_50_75,"신선한 회, 제주 도민 맛집, 매운탕"
대우정,상위_25_50,"전복돌솥밥, 해물뚝배기, 밑반찬, 전복죽, 서귀포"
대유가든,상위_75_90,"고기질, 양념갈비, 친절한 직원"
대자연 가든,상위_25_50,"양념갈비, 흑돼지, 서비스"
대정쌍둥이식당,상위_75_90,"자리물회, 갈치조림, 고등어구이, 가성비, 친절한 서비스, 제주도 맛집"
대중적한우,상위_10,"고기 질, 친절한 서비스, 맛있는 반찬"
대춘해장국 본점,상위_10,"대춘해장국, 해장국, 내장탕, 제주도, 맛집, 깔끔한 국물, 푸짐한 양, 친절한 서비스, 주차 편리, 다진마늘, 들깨가루, 후식 커피, 웨이팅, 추천, 잡내 없는 내장, 아침식사, 유명한 맛집, 제주도민 추천, 얼큰한 맛, 국물 시원, 다양한 선택, 포장 가능, 셀프바, 동치미, 고사리, 간편한 주문, 테이블 오더, 해장국 원탑, 제주 여행, 인생 해장국."
대춘해장국 노형점,상위_10,"대춘해장국, 내장탕, 해장국"
대춘해장국 본점,상위_25_50,"대춘해장국, 해장국, 내장탕, 제주도, 맛집, 깔끔한 국물, 푸짐한 양, 친절한 서비스, 주차 편리, 다진마늘, 들깨가루, 후식 커피, 웨이팅, 추천, 잡내 없는 내장, 아침식사, 유명한 맛집, 제주도민 추천, 얼큰한 맛, 국물 시원, 다양한 선택, 포장 가능, 셀프바, 동치미, 고사리, 간편한 주문, 테이블 오더, 해장국 원탑, 제주 여행, 인생 해장국."
대패도,상위_50_75,"단골집, 가성비, 친절, 대패삼겹살, 맛집"
대포동산횟집2호점,상위_10_25,"흑돼지, 가성비, 재방문"
대포어촌횟집,상위_25_50,"물회, 신선도, 가성비"
대포칼제비,상위_50_75,"보말칼국수, 국물, 친절"
해송횟집,상위_25_50,"구문쟁이, 오션뷰, 신선한 회"
대풍미락 함덕본점,상위_10,"뷰, 친절, 스끼다시"
대풍해장국,상위_25_50,"해장국, 내장탕, 셀프계란후라이"
대학로고전떡볶이,상위_50_75,"떡볶이, 튀김, 김밥, 인심, 맛집, 가성비, 분식집"
대학로참닭갈비 아라점,상위_50_75,"닭갈비, 가성비, 불친절"
대학로황가네 시청점,상위_25_50,"껍데기, 꼼장어, 친절, 맛집, 해장국"
대한식당 일도점,상위_50_75,"해산물, 새우회, 해물라면"
대향연탄구이,상위_75_90,"고기, 친절, 숙성"
대화해장국,상위_75_90,"해장국, 내장탕, 친절, 김치, 육개장"
댄싱포크,상위_50_75,"댄싱포크, 양고기, 파스타, 차우더, 인테리어, 예약제, 산방산, 정성, 맛집, 제주"
더스테이블,상위_75_90,"디저트, 커피, 친절함, 인테리어, 맛집"
더전복,상위_50_75,"전복, 솥밥, 오션뷰"
더벤티 고성교차로점,하위_10,"사장님 친절, 커피 맛있음, 가성비 좋음"
더블유,상위_75_90,"고급스러운 인테리어, 친절한 사장님, 분위기 좋은 와인바"
더애월 본점,상위_10_25,"김치찌개, 두루치기, 솥밥"
더오젠,상위_50_75,"돈까스, 야외 테라스, 안주"
더웨이팅,상위_25_50,"안심카츠, 들기름, 제주도"
더헤이븐,하위_10,"분위기, 디저트, 친절, 커피, 에그타르트, 소금빵, 생크림케이크, 청귤에이드"
더회전훠궈,상위_25_50,"가게 리뷰 가성비, 회전훠궈, 소스, 신선한 재료, 혼밥, 매운탕, 친절한 서비스"
덕성원 이도점,상위_10_25,"덕성원, 꽃게짬뽕, 간짜장, 탕수육, 가성비, 중식, 맛집, 친절, 볶음밥, 해물"
덕성원,상위_10,"꽃게짬뽕, 탕수육, 간짜장, 서귀포 맛집, 해물, 매운맛, 양, 국물, 친절, 비린내, 짜장면, 수제만두, 전통, 맛집, 제주도, 고추짬뽕, 볶음밥, 식사, 해물탕, 면발, 고객 서비스, 재방문, 추천, 불친절, 가격, 양배추, 식사시간, 웨이팅, 청결, 조리, 해산물, 맛있어요, 비추, 실망, 식사메뉴, 고기, 소스, 자극적, 기름"
덕수아이흑돼지,상위_10,"친절, 고기, 맛집"
덕수영애네,상위_25_50,"돔베고기, 가성비, 친절한 서비스, 반찬, 도민맛집"
제2덕승,상위_25_50,"갈치조림, 고등어구이, 우럭매운탕, 가성비, 신선함, 친절, 맛집, 제주도, 현지인, 반찬"
신촌덕인당,상위_10,"쑥빵, 보리빵, 담백함, 건강한맛, 포장"
덕천연수원,상위_10_25,"친절함, 가성비, 깨끗함, 고기, 예약"
덤불,상위_75_90,"흑임자크림, 방울매실차, 감성적인 분위기"
덤장 중문점,상위_10,"전복, 갈치, 친절"
데스띠노,상위_50_75,"맛있음, 인테리어, 추천, 서비스, 가성비"
델문도로스터스,상위_50_75,"커피, 가성비, 분위기"
도갈비,상위_10,"고기, 친절, 제주도"
도그모루,상위_50_75,"애견운동장, 넓은 공간, 친절한 직원"
도남오거리식당 외도점,상위_10_25,"가성비, 소고기, 위생, 친절, 놀이방"
제주 도도리고기국수,상위_10,"고기국수, 육파전, 가성비, 친절한 서비스, 공항 근처"
도두어부의밥상,상위_50_75,"활우럭, 조림, 전복죽, 제주맛집, 신선한 재료, 친절한 서비스"
예소담 도두점,상위_25_50,"국수, 고기국수, 갈치초밥, 전복물회, 서비스, 친절, 제주도맛집"
도두해수파크구내매점,상위_50_75,"찜질방, 친절, 불편, 바다, 군것질"
도렐 제주 본점,상위_25_50,"너티클라우드, 도렐, 커피"
도련들,하위_10,"고기질, 친절한 직원, 청결한 매장"
도르도르 제주서귀포점,상위_25_50,"딱새우, 라멘, 서귀포맛집, 친절한 서비스, 제주일식요리"
도리골토종닭,상위_50_75,"닭샤브샤브, 친절한 사장님, 양이 푸짐한"
DORIP,상위_50_75,"고사리버터, 분위기, 친절한 사장님"
도마도숯불갈비,상위_75_90,"냉동고기, 가성비, 친절 서비스"
도미노피자 제주노형점,상위_25_50,"피자, 직원, 맛"
도미노피자 제주서귀포점,상위_25_50,"피자, 치즈, 친절한 서비스"
도미노피자 제주이도점,상위_25_50,"피자, 1+1, 친절, 토핑, 가성비, 포장, 맛있어요"
도새기1982 동홍본점,상위_50_75,"고기집, 숙성대패, 친절한 사장님"
도새기1982 중문점,상위_50_75,"대패삼겹살, 가성비, 친절, 로또 이벤트, 숙성 고기"
도시어부,상위_25_50,"신선한 활어회, 가성비, 모듬회"
도치돌한우숯불,상위_10,"육회, 갈비탕, 가성비, 물냉면, 친절한 서비스"
도톰 애월점,상위_10,"고등어회, 딱새우, 가성비"
독도는우리땅,하위_10,"세꼬시, 탕, 친절, 맛집, 양념게장, 우럭조림, 반찬, 가격"
돈고팡 산방산점,상위_50_75,"고깃집, 흑돼지, 친절한 서비스"
돈글래,상위_50_75,"흑돼지, 사장님 친절, 고기 맛"
돈까스가있는풍경,상위_25_50,"돈까스, 가성비, 웨이팅, 맛집, 혼밥"
돈꿀꺽 노래연습장,상위_10_25,"가격, 비추, 좋아요"
돈내코손두부,상위_50_75,"순두부, 수육, 가성비, 친절, 한라산뷰"
돈내코장원식당,상위_75_90,"맛집, 친절, 고향 집밥"
돈도칸 연동흑돼지,상위_10,"고기, 흑돼지, 친절한 서비스"
돈둥지,하위_10,"오돌뼈, 소갈비, 된장국수"
돈드림가든,상위_50_75,"흑돼지, 친절한 서비스, 유기농 채소"
돈떵이,상위_10_25,"고기, 김치찌개, 친절"
돈떵이 용담점,상위_50_75,"고기질, 친절한 사장님, 근고기, 목살, 비계"
돈뜰꽃돼지생고기,상위_25_50,"생고기, 삼겹살, 친절한 사장님"
애월 돈마니,상위_50_75,"고기, 친절, 맛집"
돈마루,상위_25_50,"고기, 반찬, 서비스"
제주돈명가,상위_10_25,"갈비탕, 가성비, 친절함"
돈바당 제주표선본점,상위_50_75,"고기, 친절, 오션뷰"
돈사돈 별관,상위_10,"흑돼지, 고기 퀄리티, 친절한 서비스"
돈사무소,상위_10_25,"청결, 친절, 고기맛"
돈사촌 외도점,상위_50_75,"목살, 흑돼지, 연탄불"
돈사향 올레시장본점,상위_75_90,"항정살, 갈매기살, 제주돼지, 고기 질, 양념, 해물라면, 친절 서비스, 반찬 다양성"
돈삼겹 노형뜨란채점,상위_25_50,"돈삼겹, 대패, 가성비"
돈삼겹 노형점,상위_75_90,"가성비, 친절, 맛, 대패삼겹살, 볶음밥"
돈삼촌연탄구이,하위_10,"고기, 밑반찬, 콩나물라면, 친절, 맛집"
돈삼춘,상위_50_75,"고기, 김치찌개, 친절함"
돈세상,하위_10,"대패삼겹살, 친절, 가성비, 김치찌개, 재방문"
돈소금,상위_50_75,"고기, 된장찌개, 친절함, 밑반찬, 가성비"
돈수육,상위_10_25,"수육, 고사리 육개장, 세트 메뉴, 맛집, 친절한 서비스"
돈&바당 숯불구이,상위_25_50,"고깃집, 놀이방, 청결, 맛있음, 가족모임"
돈앤삼겹 삼도점,상위_25_50,"대패삼겹살, 가성비, 홀서버"
돈앤삼겹 하귀점,상위_25_50,"대패삼겹살, 가성비, 옛날삼겹살"
돈앤정,상위_75_90,"가성비, 음식맛, 청결, 친절, 반찬가짓수"
돈야탑촌 본점,상위_50_75,"특수부위, 항정살, 가성비"
돈야탑촌 일도점,상위_75_90,"갈매기살, 친절, 유모차"
돈어길,상위_10,"고기, 친절, 재방문"
돈오름숯불갈비,상위_75_90,"고기, 제주 흑돼지, 사장님"
돈와랑,상위_50_75,"고기, 반찬, 친절"
돈이랑,상위_10,"흑돼지, 고기구이, 친절한 서비스"
돈이랑 성산점,상위_25_50,"목살, 흑돼지, 친절함, 김치찌개, 고기 구워주기"
돈자루,상위_50_75,"고기, 가격, 친절"
돈장군,상위_10_25,"양념갈비, 매운갈비, 친절한 직원"
돈지식당,상위_10_25,"고등어회, 방어회, 가성비"
돈파스타정원,상위_25_50,"해물, 가성비, 친절, 뷰, 맛집"
돈해야,상위_10_25,"돼지갈비, 흑돼지, 해산물"
돌다메 이호애월본점,상위_10,"고기, 가성비, 웨이팅"
돌담길괴기집 흑돼지 애월곽지,상위_75_90,"흑돼지, 고기, 친절한 서비스"
돌담땅콩국수,상위_75_90,"고기국수, 땅콩국수, 친절한 사장님"
돌담아구찜,하위_10,"똥집, 아구찜, 친절한 서비스, 해물찜, 가성비, 놀이방"
돌아온놀부네,하위_10,"오리고기, 한방양념, 제주도"
돌아온놀부네,상위_50_75,"오리구이, 들깨칼국수, 건강한 맛, 친절한 서비스, 제주 맛집"
돌집식당,상위_10_25,"밥도둑, 게장, 친절한 직원"
돌카롱 제주공항점,상위_50_75,"주차, 테이크아웃, 돌카롱"
돌카롱 중문점,상위_50_75,"돌카롱, 제주여행, 마카롱"
돌코롬으뜸아이스크림할인점 조천점,하위_10,"아이스크림, 저렴함, 무인 슈퍼"
돌하르방식당,상위_50_75,"각재기국, 해물뚝배기, 도민맛집, 비린맛, 친절한 서비스, 가성비, 정이 넘치는, 건강한 음식, 무한 리필, 제주도"
돌하르방나주곰탕 2호점,상위_25_50,"고기, 친절, 갈비탕, 돌솥밥, 반찬"
돔베고기 닭칼국수,상위_50_75,"음식, 신선한 재료, 친절한 서비스"
돔베돈,상위_10,"고기, 친절, 제주도"
돗깨비,상위_50_75,"가격, 맛, 친절함, 반찬, 고기, 청결, 가성비, 숙소, 제주도, 재방문"
돗도구리돼지머리국밥,하위_10,"콩국수, 족탕, 순대국밥, 돼지국밥, 담백한 국물"
돗토리,하위_10,"프레첼, 디저트, 커피, 아몬드크림치즈, 케이크"
동가,상위_50_75,"간짜장, 수타면, 탕수육, 짬뽕, 친절한 직원, 제주 맛집"
동광가든,상위_75_90,"고기, 친절, 가성비"
동광생오리집,상위_25_50,"잡채, 오리고기, 가성비"
동막골 삼도동 본점,상위_10_25,"동태탕, 막걸리, 가성비, 솥밥, 해장, 제주맛집"
동문삼원횟집,상위_10_25,"가성비, 신선도, 친절함"
아방닭강정 동문시장야시장,상위_25_50,"닭강정, 감귤마늘, 사장님 친절"
동문올레찐빵 제주본점,하위_10,"쑥찐빵, 맛있어요, 저렴한 가격"
동백낭식당,상위_25_50,"흑돼지두루치기, 친절한 사장님, 깔끔한 시설"
동백부엌,상위_10_25,"집밥, 리필, 친절, 반찬, 맛집"
동백양식당,상위_50_75,"콜드피자, 해산물바질크림파스타, 아란치니, 스프, 치아바타, 리조또, 제주도, 양식당, 식전빵, 분위기"
동백점빵,상위_25_50,"동백빵, 치즈, 오징어, 달달한, 메밀"
동복뚝배기 함덕,상위_10_25,"갈치조림, 해물뚝배기, 친절한 서비스, 오션뷰, 맛집"
동서지간,상위_25_50,"돼지갈비, 동태탕, 매운맛"
동선제면가,상위_25_50,"고기국수, 돔베고기, 주차 어려움"
동성식당,하위_10,"맛집, 친절, 염소탕, 삼계탕, 제주도"
동우통닭,상위_75_90,"닭똥집, 친절, 양 많음, 맛있음, 서비스"
동이트는집,상위_25_50,"감자탕, 아구찜, 친절한 서비스, 포장주문, 푸짐한 양"
동진식당 고기국수 동문시장점,상위_10_25,"고기국수, 담백함, 제주향토음식"
동진식당 공항점,상위_75_90,"고기국수, 멸고국수, 비빔밥, 고사리육개장, 공항근처"
동춘돌곱창 제주1호점,상위_75_90,"곱창, 친절, 전골, 신선, 반찬, 고소, 서비스, 맛집"
동춘돌곱창 제주서귀포점,상위_50_75,"곱창, 친절, 맛집"
동트레,상위_50_75,"친절, 맛있음, 재방문, 해물순두부, 아침식사, 가격대비"
동해물가든,상위_25_50,"생갈비, 가성비, 친절, 솥밥, 제주도"
동해수산회센타,상위_50_75,"가성비, 신선한 회, 친절한 서비스"
돼지공화국,상위_75_90,"고기, 양념갈비, 무한리필, 친절함, 저렴한 가격"
돼지목장,하위_10,"고기, 볶음밥, 서비스, 흑돼지, 제주"
돼지삼춘생구이,상위_10_25,"고기, 김치찌개, 친절 서비스"
돼지삼형제 제주중문점,상위_25_50,"고기, 육즙, 김치찌개"
두가시영,하위_10,"오리 요리, 갈비김치찜, 친절한 서비스"
두둥지,상위_50_75,"야키토리, 일본 분위기, 친절한 서비스, 다양한 주류, 신선한 재료, 만족스러운 가격"
두루김밥,상위_25_50,"김밥, 아침, 맛있어요"
두루두루,상위_10_25,"객주리조림, 아나고구이, 가성비"
두리둠비 제주서귀포본점,상위_10_25,"두부, 순두부찌개, 흑돼지, 맛집, 친절, 건강한, 재방문, 가족, 제주도"
두엔데,상위_75_90,"프라이빗, 스페인 요리, 맛있음, 독채, 분위기"
듀크타코,상위_75_90,"타코, 서귀포, 힙한 분위기"
듀포레,상위_10,"카페, 바다뷰, 비행기"
드롭탑 제주용담해안도로점,상위_75_90,"맛있음, 친절함, 뷰, 청결, 운영시간"
드숑,상위_50_75,"블루베리요거트스무디, 가성비, 베이커리카페, 친절, 디저트, 다양한 메뉴"
듬뿍낙지 모슬포점,하위_10,"낙지, 가성비, 계란후라이, 순두부찌개, 매운맛"
듬삭헌국밥집,상위_75_90,"국밥, 비빔국수, 친절한 사장님, 가성비, 제주 맛집"
등촌샤브칼국수 제주점,상위_10_25,"등촌, 칼국수, 볶음밥, 샤브샤브, 친절, 신선한 재료, 얼큰한 국물, 주차 편리, 대만족, 맛집"
종달리 카페 디사이드온,상위_75_90,"디온 라떼, 드립커피, 친절한 사장님"
디트루키친,상위_75_90,"스테이크 파스타, 감자스프, 호지차 푸딩, 브런치, 청결"
디티이커피,상위_50_75,"커피, 디저트, 접근성"
딜레탕트 조천함덕점,상위_75_90,"키슈파이, 브런치, 두바이 초콜릿, 흑돼지, 모던 인테리어, 바다뷰, 감자샐러드"
딤섬9898,상위_25_50,"딤섬, 친절한 서비스, 푸짐한 양"
딱새우랑,하위_10,"해물라면, 고등어회, 딱새우, 뷰맛집, 친절, 신선한 재료, 제주도, 혼밥, 맛집, 분위기"
땡초김밥싱싱왕만두 봉개점,하위_10,"맛, 친절, 혼밥, 주차, 김밥"
떡보의하루 서귀포점,하위_10,"떡, 쫄깃함, 비주얼, 만족, 환갑잔치"
떡하니,상위_50_75,"맛있어요, 특별함, 친절, 떡, 제주도"
떼르떼,하위_10,"빙수, 요거트, 녹빙"
또똣,상위_75_90,"고기국수, 막창순대, 웨이팅"
또똣부뚜막,하위_10,"순두부찌개, 청국장, 반찬"
또똣 제주혼술바,상위_50_75,"친절한 사장님, 분위기 좋은, 혼술 바"
또바기닭갈비,상위_75_90,"닭갈비, 친절, 맛집"
또빵,상위_50_75,"고사리 치아바타, 다양한 빵 종류, 제주도 맛집"
또순이모부페,하위_10,"사장님, 반찬, 집밥, 혼밥, 맛있어요, 청결, 친절"
또올래 실내 포장마차,상위_75_90,"한치물회, 쥐치조림, 친절한 사장님"
또옵서식당,하위_10,"가게 리뷰 가성비, 친절, 집밥, 두루치기, 고등어구이, 반찬 구성, 제주 여행"
뚜레쥬르 제주노형한라점,상위_25_50,"케이크, 샌드위치, 친절함, 빵, 맛있음"
뚜레쥬르 제주서사라점,상위_10_25,"빵집, 샌드위치, 친절한 서비스"
뚱돼지,상위_75_90,"고기, 친절, 맛집"
뚱보네급식실,상위_75_90,"단어1: 맛, 단어2: 서비스, 단어3: 분위기 리뷰 내용: 좋아요"
뚱보아저씨,상위_10_25,"갈치구이, 가성비, 성게미역국"
뚱보조개 바다풍경점,상위_25_50,"조개구이, 친절, 바다뷰"
뚱이네장어&고기,하위_10,"굿, 맛, 추천"
뜨레솥밥,상위_75_90,"친절한 사장님, 솥밥, 맛있는 음식"
뜨르르,하위_10,"정식, 솥밥, 반찬"
뜰채,상위_25_50,"반찬, 생선구이, 가성비"
뜰채 제주함덕점,상위_25_50,"신선한 회, 가성비, 오션뷰 테라스"
뜰향기 조천에코랜드 사려니숲길,상위_75_90,"고등어구이, 제육볶음, 가성비, 친절, 반찬"
라라코스트 서귀포점,상위_10_25,"친절, 가격, 키즈존"
라우나,상위_50_75,"아란치니, 화덕피자, 디저트, 신선한 재료, 친절한 서비스, 식감, 재방문, 이탈리안, 파스타, 샐러드"
라이진,상위_50_75,"짬뽕, 마농탕수육, 깔끔한 국물"
라이터스블럭,상위_50_75,"라이터스 블럭, 제주시, 브런치 맛집, 헬시볼, 플레이팅, 신선한 재료, 커피, 분위기, 디저트, 친절한 서비스"
라지마할,상위_50_75,"인도 음식, 커리, 난, 맛집, 친절, 제주 여행, 비건, 매운맛, 가성비, 탄두리치킨, 팔락파니르, 디저트, 이국적, 런치세트, 푸짐한 양"
라타볼라 함덕본점,상위_25_50,"제주도, 소셜다이닝, 친절한 사장님, 맛있는 음식, 분위기 좋음, 가성비, 다양한 메뉴, 혼자 여행, 대화, 특별한 경험"
라토커피제주,상위_50_75,"커피, 친절, 분위기, 주차, 맛집"
위미애머물다락쿤,상위_75_90,"태국음식, 바다뷰, 친절한 사장님"
랍씨네,상위_50_75,"랍스타, 해산물, 바다뷰, 친절함, 해물라면"
랑이식당,상위_50_75,"만두전골, 튀김만두, 건강한 맛"
래원,상위_25_50,"탕수육, 간짜장, 칠리새우, 짬뽕, 군만두, 해물, 가성비, 청결, 메뉴 다양성, 중식"
랜돌프비어 제주연동점,상위_10,"피자, 수제맥주, 친절한 서비스, 가성비, 제주도 맛집"
랜돌프비어 제주연동점,상위_50_75,"피자, 수제맥주, 친절한 서비스, 가성비, 제주도 느낌"
카페 레이어드 제주점,상위_10_25,"스콘, 케이크, 바다뷰, 포장, 인테리어"
카페 레이어드 제주점,상위_10_25,"스콘, 케이크, 바다뷰, 포장, 인테리어"
레이트벗 커피 로스터스,하위_10,"커피, 사장님, 드립"
레인보우치킨,하위_10,"레인보우치킨, 친절한 서비스, 제주 맛집, 간장치킨, 가성비, 바삭한 치킨, 떡볶이, 가족같은 분위기"
카페 레크레,상위_25_50,"카페, 뷰, 빵, 인테리어, 힐링, 음료, 서비스"
렐레펑 테러블,하위_10,"맛있음, 태국 음식, 추천"
로맨틱새우 애월곽지본점,상위_50_75,"코코넛 쉬림프, 새우, 키즈 메뉴"
로컬제주이야기카페,하위_10,"카페, 바다뷰, 비행기"
록마,하위_10,"지네, 친절, 맛있어요, 뷔페, 환불"
롯데리아 제주삼화지구점,상위_10_25,"햄버거, 친절, 배달, 감자튀김, 할인, 데리버거, 돈가스버거, 공용주차장, 외식, 편안함"
롯데리아 제주아라점,상위_10_25,"넓은 매장, 새우버거, 빠른 서비스"
롯데리아 제주표선해변점,상위_25_50,"뷰, 불고기버거, 아이스크림, 테이크아웃, 표선해수욕장"
엔제리너스 제주공항1층점,상위_10,"아메리카노, 애플파이, 공항"
롱리브,상위_25_50,"인테리어, 커피, 디저트"
꼬뜨도르호텔,상위_10_25,"청결, 친절, 가성비, 조용함, 숙소, 해변, 조식"
롸이스페이퍼떡볶이 제주영어교육도시점,하위_10,"떡볶이, 위생, 친절"
루나,상위_75_90,"웨딩촬영, 친절, 예약"
루딕,상위_25_50,"양식집, 가성비, 친절한 서비스, 다양한 메뉴, 맛집"
루스트플레이스 삼화점,상위_50_75,"서비스, 맛, 가족모임"
루스트플레이스시청점,상위_25_50,"가격, 가성비, 직원 친절도"
루스트플레이스 칠성로점,상위_10_25,"크림파스타, 친절한 직원, 넓은 매장"
루핀,상위_75_90,"제주, 망고빙수, 티라미수, 디저트, 커피, 바다뷰, 민트, 청귤"
류차이,상위_10_25,"중국냉면, 짬뽕, 탕수육"
르바게트,상위_75_90,"소세지 페이스트리, 감자치즈바게트, 친절한 사장님, 제주도, 빵 맛집, 인테리어, 재방문, 에그타르트, 커피, 까눌레"
르 덕수지앵,상위_50_75,"제주, 와인, 펫프렌들리, 사장님, 분위기"
리부아르,상위_50_75,"뷰, 음료, 디저트, 친절, 재방문"
리엘루,상위_25_50,"짬뽕, 간짜장, 불친절"
리치망고 협재점,하위_10,"리치망고, 친절, 망고맛"
리치망고 도두해안로점,하위_10,"리치망고, 망고쥬스, 제주 여행, 맛있어요, 비싸요, 친절한 서비스"
리치망고 함덕점,상위_75_90,"망고주스, 연예인 이름 호출, 함덕해변"
리틀비엣,상위_50_75,"쌀국수, 가성비, 베트남 현지맛"
릴로,상위_25_50,"감자스프, 샌드위치, 타르틴"
마녀상회,상위_50_75,"야외공간, 흑돼지, 분위기, 고기, 친절, 김치찌개, 재방문, 제주도"
마노르블랑,상위_10_25,"마노르블랑, 핑크뮬리, 포토존, 정원, 음료"
마농 제주본점,상위_25_50,"분위기, 친절, 가족 친화적"
마농치킨중앙통닭3호점,상위_75_90,"마농치킨, 마늘향, 바삭한 치킨"
마니주,상위_10,"가성비, 신선한 회, 친절한 서비스"
마님순대,상위_25_50,"뼈다귀탕, 순대국밥, 친절한 서비스"
마담나탈리소셜클럽,상위_25_50,"친절한 사장님, 분위기 좋은 곳, 다양한 맥주"
마당육,상위_25_50,"소고기, 친절, 인테리어, 고기질, 가족식사, 제주도맛집, 서비스, 반찬, 부드러움, 추천"
제주섭지회관&마돈,상위_50_75,"신선한 해산물, 말고기, 친절한 서비스"
마라양꼬치,상위_10_25,"양꼬치, 허니양갈비, 구이류, 맛집, 청결"
마루나키친,상위_25_50,"제주, 해물장, 친절한 서비스"
마린보이횟집,상위_50_75,"친절, 신선도, 가성비, 맛, 직원 서비스"
마마식당야식,상위_50_75,"무난, 반찬, 손맛, 친절"
마시레치킨,상위_10_25,"치킨, 웨이팅, 바삭함"
마시오름,상위_25_50,"분위기, 전통주, 안주"
마우돈,상위_75_90,"말고기, 무한리필, 친절한 서비스"
마운트 에베레스트 레스토랑 제주,상위_50_75,"야채카레, 치킨볶음면, 갈릭난, 인도음식, 제주맛집, 탄두리치킨, 커리, 이국적인 분위기"
오늘도마주앉아,상위_25_50,"깐풍기, 기본안주, 푸짐한 양, 서귀포, 맛집"
마중물삼계탕,상위_25_50,"삼계탕, 양, 국물"
마초면탁해안,상위_75_90,"사바가케우동, 냉라멘, 가라아게"
마초왕갈비,상위_25_50,"고기, 가성비, 친절 서비스"
마커스카페,하위_10,"뷰, 커피, 크로플, 아이스크림, 친절, 힐링"
마크사이공제주 한림협재금능판포점,하위_10,"흑돼지, 쌀국수, 친절함, 바다뷰, 수비드"
마키산도 Hibiki Island,하위_10,"마키산도, 우동, 친절함"
막갈비,상위_75_90,"막갈비, 친절, 김치찌개, 고기, 밑반찬, 제주도, 맛집"
막둥이해녀복순이네,상위_75_90,"물회, 성게칼국수, 신선한 재료"
막창꾸우맨,상위_75_90,"가게 리뷰 가성비, 친절, 양 많음, 서비스, 맛있음"
만금식당,상위_75_90,"옥돔, 반찬, 가성비, 친절, 맛집, 정식, 제주도, 집밥, 재방문, 부드럽다"
만덕본가,상위_50_75,"갈치조림, 친절, 청결, 맛집, 반찬"
만민떡집,하위_10,"맛있어요, 친절해요, 떡, 쫀득쫀득, 추천"
만보민물장어,상위_50_75,"장어정식, 점심특선, 가성비"
만복반미 노형 본점,하위_10,"반미, 코코넛연유커피, 월남쌈"
만사오케이,하위_10,"핸드드립, 친절한 사장님, 아늑한 분위기, 맛있는 음료, 책 읽기 좋은 공간"
만선민물장어,상위_50_75,"장어, 반찬, 친절"
만선바다,상위_25_50,"고등어회, 제주도, 친절한 서비스"
만선식당,상위_10,"고등어회, 신선도, 친절한 서비스"
만운성민물장어,상위_75_90,"맛있어요, 친절, 장어, 계란찜, 밑반찬"
만원애횟집,하위_10,"회, 가성비, 친근함, 밑반찬, 양"
만원의행복,상위_25_50,"가게 리뷰 신선한 회, 가성비, 제주 전통주, 친절한 사장님, 깔끔한 식당, 다양한 메뉴, 오마카세, 자연산 회, 반찬, 맛집"
만원포차,하위_10,"뷔페식, 음식 솜씨, 가성비, 다양한 반찬, 친절한 사장님"
만월당,상위_25_50,"전복리조또, BBQ스테이크, 친절한 직원"
만인정,상위_25_50,"돼지갈비, 친절, 도민맛집"
만장일치 본점,상위_75_90,"안주, 친절, 늦게까지 영업"
만조소머리곰탕,상위_25_50,"곱창전골, 사골육수, 맛집"
만조이천쌀밥 제주성산점,하위_10,"가성비, 옥돔구이, 해물뚝배기, 반찬, 친절"
만족,하위_10,"고기국수, 족발, 신선한 재료, 맛집, 해변, 서비스, 가성비, 분위기"
만족한상회 중문점,상위_10_25,"갈치구이, 갈치조림, 새우장, 간장게장, 반찬, 제주 맛집, 뼈없는, 만족한상, 중문, 친절한 서비스"
만지식당,하위_10,"돈까스, 야끼소바, 친절한 서비스"
말렛,상위_10,"인테리어, 분위기, 칵테일, 친절, 음악"
말로,상위_50_75,"시그니처 음료, 제주도 카페, 야외 공간"
맛있는 소도리김밥,하위_10,"김밥, 키토김밥, 가성비, 위생, 인테리어"
맛있는소리,상위_50_75,"고기 질, 양념갈비, 서비스, 맛, 반찬"
맛있는 온도,상위_25_50,"안주, 친절, 맛집"
맛있는이가국수집,하위_10,"국수, 담백, 고기"
맛있당돈까스 제주본점,하위_10,"돈까스, 친절, 가격, 튀김옷, 재방문"
망고홀릭 애월해안도로점,상위_75_90,"망고, 코코넛, 빙수, 신선함, 친절, 바다뷰, 제주산, 아이스크림, 드라이아이스, 비주얼"
망고홀릭 제주본점,상위_50_75,"망고빙수, 신선로, 제주도"
망고홀릭 종달점,상위_10_25,"망고, 친절, 빙수"
매니아불닭 용담점,상위_50_75,"볶음밥, 친절, 가성비, 맛집, 불닭"
매우릉쭈꾸미 조천점,상위_75_90,"쭈꾸미, 매운 요리, 친절한 서비스"
매일통닭,하위_10,"마늘, 치킨, 친절"
매코롬,하위_10,"주차, 낙지볶음, 친절한 사장님, 맛집, 양이 많음, 매콤한 맛"
멕시카나치킨 대평점,하위_10,"치킨, 친절, 가성비, 바삭바삭, 대평리"
맥키쉬,상위_75_90,"휘낭시에, 쿠키, 디저트"
맨도롱국수집,상위_50_75,"고기국수, 비빔국수, 돔베고기, 전복물회, 친절한 서비스"
맨도롱밥집,상위_50_75,"한식뷔페, 가성비, 반찬"
맨도롱해장국,상위_50_75,"몸국, 겡이국, 해장국, 전복, 제주도, 향토음식, 맛집, 고소함, 시원함, 친절한 서비스"
맵수다 노형점,상위_50_75,"맵수다, 오돌뼈, 가성비, 매운맛, 친절"
머구리해물포차,상위_75_90,"해물탕, 신선한 해산물, 사장님 친절"
머들집,상위_75_90,"청국장, 제육볶음, 오션뷰, 한식, 반찬, 가성비, 친절, 제주도, 맛집, 혼밥"
머문 베이커리카페,상위_25_50,"뷰, 빵, 청결, 가격, 외국인"
머믈,상위_50_75,"와인, 친절, 강아지, 분위기, 맛있음"
머클랑 정육식당 제주성산본점,하위_10,"소고기, 가성비, 친절, 마블링, 된장찌개"
메가박스 제주삼화,상위_10_25,"주차 편리, 직원 친절, 놀이시설"
메가MGC커피 제주대점,상위_25_50,"메가커피, 가성비, 딸기라떼, 커피, 넓은 매장"
메가MGC커피 동광주일등점,상위_50_75,"친절, 단골, 아메리카노, 여름 제철음식, 맛집, 스무디, 커피, 깨끗함"
메가MGC커피 제주동문시장점,상위_50_75,"바코드 결제, 친절한 직원, 시원한 매장, 테이크아웃, 다양한 간편결제"
메가MGC커피 제주일도점,상위_50_75,"커피, 친절, 가성비, 음료, 깨끗함"
메가MGC커피 제주일주서로점,상위_75_90,"맛, 친절, 주차, 분위기, 가성비, 커피"
메가MGC커피 협재해수욕장점,상위_75_90,"사장님, 테이크아웃, 협재해수욕장"
메밀가,하위_10,"맛집, 메밀, 추천"
메밀밭에가시리,상위_75_90,"면발, 메밀, 맛집, 쫄깃함, 직원 친절, 건강한 음식, 단체 손님, 배려"
메종드쁘띠푸르 공항점,상위_50_75,"주차, 빵, 친절, 디저트, 커피, 브런치, 샐러드, 맛있음, 불친절, 가격"
메종드쁘띠푸르 2호점,상위_50_75,"식빵, 수제잼, 부드러운"
메종드 쁘띠푸르 연동점,상위_10,"카페, 커피, 빵, 케이크, 가격, 뷰, 맛, 호텔, 디저트, 접근성"
메종드혁이네in표선,하위_10,"가게 리뷰 가성비, 국물요리, 안주맛집, 다양한 메뉴, 친절한 서비스"
메콩스카이,상위_10_25,"쌀국수, 나시고랭, 반미, 고수, 친절, 이국적인 분위기, 주차, 맛있음"
메타킹커피 제주노형점,하위_10,"청결, 친절, 가성비"
멕시코니,하위_10,"치킨, 칼국수, 모슬포"
멜로우베이킹,상위_75_90,"케이크, 친절, 분위기, 맛집, 애견동반"
멜버즈 서귀포점,하위_10,"직원 불친절, 바다뷰, 커피 맛있음"
면뽑는선생만두빚는아내 제주협재점,상위_10_25,"만두, 수육, 국물"
농부파스타집,상위_25_50,"파스타, 친절, 양 많음"
면주막 제주본점,상위_50_75,"고기국수, 비빔국수, 청결"
협재 면차롱,상위_50_75,"감귤탕수육, 해물짬뽕, 흑돼지짜장면"
명가솥뚜껑 서귀포흑돼지,상위_25_50,"고기, 반찬, 친절"
명가돈촌,상위_25_50,"흑돼지, 소노캄, 친절한 사장님, 픽업 서비스, 반찬 다양성, 맛집, 할인 쿠폰, 냉면, 고기 질, 제주도"
명도암 정담김밥,상위_75_90,"김밥, 맛집, 매콤우엉"
명동춘천닭갈비 5호점,하위_10,"닭갈비, 가성비, 친절한 사장님"
명륜진사갈비 제주외도점,상위_10_25,"고기, 무한리필, 가성비, 친절, 연기"
명물,상위_10,"쥐치조림, 반찬, 친절"
명진전복,상위_10,"전복돌솥밥, 제주도 맛집, 고소한 전복죽"
명천해장국,상위_50_75,"국밥, 해장국, 현지인 맛집"
명태명가 제주점,하위_10,"친절, 명태조림, 점심예약"
명품닭칼국수,상위_50_75,"칼국수, 가성비, 국물"
명품대게회타운,상위_50_75,"맛있음, 친절, 양 많음, 신선함, 위생 문제"
명품전통육개장,상위_50_75,"육개장, 반찬, 고사리"
명희식당,상위_25_50,"사장님, 메뉴, 위생"
모뉴에트,상위_50_75,"까눌레, 힐링카페, 음악, 분위기, 친절"
모니카옛날통닭,상위_25_50,"고추야채치킨, 옛날 양념, 맛집"
모닝해장국 남원점,상위_50_75,"내장탕, 해장국, 친절한 서비스"
모다드렁,상위_75_90,"푸근한 분위기, 불친절, 로컬 맛집"
모다정,상위_50_75,"접짝뼈국, 몸국, 제주 향토음식"
모닥식탁,상위_75_90,"카레, 딱새우, 디저트"
모닥치기본점,상위_50_75,"모닥치기, 가성비, 푸짐한 양"
모닥치기아라,하위_10,"모닥치기, 가성비, 친절, 맛있어요, 김밥, 떡볶이, 국물맛, 재방문의사"
모디카,상위_75_90,"라자냐, 친절한 서비스, 신선한 재료"
모루쿠다 서귀포올레시장점,상위_10,"고등어회, 해물라면, 신선한 재료, 불친절한 서비스, 청결 문제"
모리노카메,상위_25_50,"모리노카메, 오마카세, 제주도"
모메든식당 중문본점,상위_50_75,"고기, 제주도, 가성비"
모살물 2호점,상위_10_25,"고등어회, 갈치회, 가성비, 모듬회, 신선함"
모살물 2호점,상위_10_25,"고등어회, 갈치회, 가성비, 모듬회, 신선함"
모어댄댓,상위_50_75,"크림파스타, 고르곤졸라피자, 뇨끼, 분위기, 가성비"
모음해장국,상위_50_75,"해장국, 순두부, 맛집"
모이세해장국 노형점,상위_25_50,"모이세, 해장국, 친절한 서비스"
모이세해장국모슬포점,상위_50_75,"주차장, 육개장, 해장국, 겉절이, 맛 변동"
모이세해장국 연동점,상위_25_50,"모이세, 해장국, 친절한 서비스"
모이세해장국 조천점,상위_75_90,"해장국, 감자전, 친절함, 제주도, 맛집"
모이자 소주호프,상위_50_75,"호프집, 친절, 맛집, 기본찬, 골뱅이소면, 치킨"
모티프제주 카페앤바,상위_50_75,"커피, 애견동반, 아늑한 분위기, 친절한 서비스, 디저트"
목마가든,하위_10,"말고기, 제주도, 친절한 서비스"
목민,상위_75_90,"양갈비수육, 전골, 친절한 서비스"
목포세발낙지,상위_75_90,"연포탕, 세발낙지, 가격, 신선함, 밑반찬"
묘한식당,상위_50_75,"맛있다, 크림빠네, 불친절"
무슈부부커피스탠드 관덕정,상위_50_75,"에스프레소, 치즈케이크, 카이막"
무스비,하위_10,"분위기, 친절, 맛있어요, 안주, 예약제"
무암돈 연동점,상위_25_50,"고기, 친절, 청결, 반찬, 제주도"
무정해장국,상위_75_90,"해장국, 소머리국밥, 맛집"
무지개맥주 일도본점,상위_50_75,"생맥주, 친절한 서비스, 맛있는 안주"
무지개밥상,상위_75_90,"가성비, 한식뷔페, 바다뷰, 맛집, 종류 다양, 친절한 서비스"
무한조개야,상위_10_25,"가리비, 조개구이, 웨이팅"
무호소반,하위_10,"무호소반, 친절한 서비스, 단호박 식혜"
문게야,상위_50_75,"문어, 게우밥, 서비스, 맛집, 제주도"
문섬횟집,상위_50_75,"회, 친절, 맛집, 반찬, 지리탕"
문세끼,하위_10,"고사리육개장, 접짝뼈국, 비빔국수, 국물, 친절"
문희영해물아구찜,상위_75_90,"아구살, 친절, 비린내, 해물아구찜, 양념소스"
성산물고기자리,상위_50_75,"물고기자리, 가성비, 해산물"
물꼬해녀의집,상위_75_90,"문어라면, 해산물, 위생 상태"
물만난고기,상위_25_50,"가성비, 신선한 회, 친절한 서비스"
물통식당,상위_75_90,"흑돼지, 연탄구이, 친절한 서비스, 반찬, 가성비"
뮌헨호프,상위_75_90,"친절, 안주, 맛집, 사장님, 제주도민"
미루네닭숯불갈비,하위_10,"소금구이, 닭갈비, 친절한 서비스"
미루네닭숯불구이 본점,상위_50_75,"부드러운 닭갈비, 숯불구이, 김치찌개"
미르오메기떡,상위_25_50,"감귤 오메기떡, 무료 배송, 서비스 제공"
미미끄,하위_10,"와인, 가성비, 친절한 서비스"
미복빈대떡,상위_75_90,"깔끔한 내부, 반말 사장님, 맛있는 전"
미쁜제과,상위_10,"미쁜제과, 소금빵, 돌고래뷰, 빵맛, 제주패스"
미소가김밥,상위_75_90,"김밥, 친절, 가성비"
미소담은소,하위_10,"가성비, 맛, 친절"
미소정,상위_25_50,"접짝뼈국, 매운양념갈비찜, 친절한 서비스"
미쇼니분식 노형점,하위_10,"떡볶이, 튀김, 김밥"
미스칠,상위_10,"돔베고기, 갈치조림, 전복솥밥, 가성비, 반찬, 공항근처, 맛집"
미스터스위츠,하위_10,"사장님, 친절, 수제사탕"
미스터킴팝,상위_75_90,"김밥, 가격, 신선함"
미스틱3도,상위_10_25,"야외공간, 디저트, 가족친화적, 정원, 커피, 동물체험, 제주도, 힐링, 분위기"
미쓰고,상위_50_75,"갈치조림, 무한리필, 바다뷰"
미우,상위_10_25,"육전, 매실주, 가성비, 분위기, 신선한 재료, 친절한 서비스"
미정이네 꺼멍돗괴기,상위_25_50,"양념갈비, 고기, 친절"
미진식당,하위_10,"갈치국, 아나고탕, 친절한 서비스, 신선한 재료, 청결한 매장"
미친부엌 바이 제주면소,상위_10,"깔끔, 담백, 정성, 청결, 친절, 육향, 메밀, 평양냉면, 고기, 감칠맛"
미풍해장국 광령점,상위_25_50,"내장탕, 해장국, 제주도"
미향해장국 성산점,상위_50_75,"해장국, 계란말이, 성산, 제주도, 아침식사, 친절한 서비스, 신선한 재료, 주차 편리, 가족식사, 맛집"
미향해장국 표선점,상위_75_90,"맛, 친절, 해장국, 양, 국물, 포장, 청결, 제주도, 추천"
민건이네식당,상위_50_75,"한식뷔페, 신선한 채소, 사장님 손맛"
구좌월정 우럭튀김 민경이네어등포식당,상위_25_50,"우럭튀김, 제주맛집, 술안주"
민박사봉평막국수 제주삼화점,상위_75_90,"곱배기, 돈까스, 막국수"
민준이네,상위_50_75,"두루치기, 낙지볶음, 가성비, 반찬, 친절, 제주도청맛집"
밀밀스,상위_50_75,"친절함, 맛있음, 아늑한 분위기"
밀밭,상위_50_75,"안주, 멜튀김, 서비스, 파전, 부대찌개"
밀팟제주,상위_50_75,"빙수, 수제 팥, 우유 얼음, 가성비, 커피, 서비스, 주차, 인테리어"
바나나에반하다,상위_75_90,"예쁜, 분위기, 인테리어"
협재랜드,상위_75_90,"강사님, 서핑, 스노클링, 안전, 친절, 제주여행, 추억, 재방문, 수중체험, 플라이피쉬"
바다가는길,상위_75_90,"커피, 아이스크림, 가격"
바다길횟집,상위_25_50,"신선한 회, 친절한 직원, 다양한 반찬"
바다나라횟집,상위_25_50,"친절, 물회, 양 많음, 서비스, 맛있음"
바다는김녕,상위_50_75,"카페, 바다, 음료, 소품, 친절, 뷰, 맛, 휴가, 제주, 라면"
바다를본돼지 제주공항점,상위_10,"신선한 재료, 제주흑돼지, 가성비"
바다를본돼지 서귀포올레시장점,상위_10,"고기, 멜젓, 오션뷰, 제주흑돼지, 셀프바"
바다마르마레,상위_50_75,"친절한 서비스, 신선한 재료, 제주도 음식"
협재술집 바다멍,상위_25_50,"시메사바, 리조또, 친절한 직원, 분위기 좋은 술집, 차돌떡볶이"
바다밥상,상위_50_75,"로컬식당, 갈치조림, 신선한 생선, 친절한 서비스, 가족여행"
조각가 해물라면 바다보는날 애월해안도로점,상위_50_75,"해물라면, 바다뷰, 친절한 사장님"
바다사냥횟집,상위_75_90,"물회, 한치회, 친절한 사장님, 로컬 맛집, 매운탕, 해산물, 가격 저렴, 양 많음"
바다사랑그리고추억,상위_50_75,"고기, 김치, 장작불"
바다속고등어쌈밥 제주애월본점,상위_10,"고등어, 김치, 쌈밥, 전복뚝배기, 친절한 서비스"
수선화식당 협재점,상위_10_25,"보말파스타, 흑돼지돈까스, 제주여행, 친절한서비스, 분위기좋음, 예약필수, 맛집, 협재해수욕장"
바당고지 흑돼지다이닝 제주금능협재점,상위_50_75,"고기, 제주흑돼지, 친절함"
바당국수,상위_25_50,"고기국수, 진한 육수, 양 많음"
하비32,상위_25_50,"치아바타, 가성비, 행복한 빵집"
바당모살,상위_75_90,"고등어회, 갈치회, 친절한 서비스"
바당에빠진도새기,상위_25_50,"가성비, 정육식당, 신선한 고기, 해산물, 단체 모임, 광어회, 장아찌, 붕장어탕"
